#
# There is insufficient memory for the Java Runtime Environment to continue.
# Native memory allocation (mmap) failed to map 205520896 bytes. Error detail: G1 virtual space
# Possible reasons:
#   The system is out of physical RAM or swap space
#   This process is running with CompressedOops enabled, and the Java Heap may be blocking the growth of the native heap
# Possible solutions:
#   Reduce memory load on the system
#   Increase physical memory or swap space
#   Check if swap backing store is full
#   Decrease Java heap size (-Xmx/-Xms)
#   Decrease number of Java threads
#   Decrease Java thread stack sizes (-Xss)
#   Set larger code cache with -XX:ReservedCodeCacheSize=
#   JVM is running with Zero Based Compressed Oops mode in which the Java heap is
#     placed in the first 32GB address space. The Java Heap base address is the
#     maximum limit for the native heap growth. Please use -XX:HeapBaseMinAddress
#     to set the Java Heap base and to place the Java Heap above 32GB virtual address.
# This output file may be truncated or incomplete.
#
#  Out of Memory Error (os_windows.cpp:3926), pid=32496, tid=31784
#
# JRE version: OpenJDK Runtime Environment (21.0.10) (build 21.0.10+-14961533-b1163.108)
# Java VM: OpenJDK 64-Bit Server VM (21.0.10+-14961533-b1163.108, mixed mode, tiered, compressed oops, compressed class ptrs, g1 gc, windows-amd64)
# No core dump will be written. Minidumps are not enabled by default on client versions of Windows
#

---------------  S U M M A R Y ------------

Command Line: --add-opens=java.base/java.lang=ALL-UNNAMED --add-opens=java.base/java.lang.invoke=ALL-UNNAMED --add-opens=java.base/java.util=ALL-UNNAMED --add-opens=java.prefs/java.util.prefs=ALL-UNNAMED --add-exports=jdk.compiler/com.sun.tools.javac.api=ALL-UNNAMED --add-exports=jdk.compiler/com.sun.tools.javac.util=ALL-UNNAMED --add-opens=java.base/java.util=ALL-UNNAMED --add-opens=java.prefs/java.util.prefs=ALL-UNNAMED --add-opens=java.base/java.nio.charset=ALL-UNNAMED --add-opens=java.base/java.net=ALL-UNNAMED --add-opens=java.base/java.util.concurrent=ALL-UNNAMED --add-opens=java.base/java.util.concurrent.atomic=ALL-UNNAMED --add-opens=java.xml/javax.xml.namespace=ALL-UNNAMED --add-opens=java.base/java.time=ALL-UNNAMED -XX:MaxMetaspaceSize=4G -XX:ReservedCodeCacheSize=512m -XX:+HeapDumpOnOutOfMemoryError -Xmx8G -Dfile.encoding=UTF-8 -Duser.country=US -Duser.language=en -Duser.variant -javaagent:C:\Users\levie\.gradle\wrapper\dists\gradle-9.1.0-all\7wzd0jkjit61aq2p43wpjgij9\gradle-9.1.0\lib\agents\gradle-instrumentation-agent-9.1.0.jar org.gradle.launcher.daemon.bootstrap.GradleDaemon 9.1.0

Host: 13th Gen Intel(R) Core(TM) i7-13650HX, 20 cores, 15G,  Windows 11 , 64 bit Build 26100 (10.0.26100.9168)
Time: Sat Aug 15 16:33:47 2026 SE Asia Standard Time elapsed time: 21.533192 seconds (0d 0h 0m 21s)

---------------  T H R E A D  ---------------

Current thread (0x000001e27d36eab0):  VMThread "VM Thread"          [id=31784, stack(0x0000008eeea00000,0x0000008eeeb00000) (1024K)]

Stack: [0x0000008eeea00000,0x0000008eeeb00000]
Native frames: (J=compiled Java code, j=interpreted, Vv=VM code, C=native code)
V  [jvm.dll+0x6d78a9]
V  [jvm.dll+0x8665b3]
V  [jvm.dll+0x868bde]
V  [jvm.dll+0x8692c3]
V  [jvm.dll+0x280ee6]
V  [jvm.dll+0x6d4165]
V  [jvm.dll+0x6c77fa]
V  [jvm.dll+0x358f4b]
V  [jvm.dll+0x360bc6]
V  [jvm.dll+0x3b2ea6]
V  [jvm.dll+0x3b3178]
V  [jvm.dll+0x32b65c]
V  [jvm.dll+0x32b6e7]
V  [jvm.dll+0x3715cc]
V  [jvm.dll+0x36fd7e]
V  [jvm.dll+0x32adb1]
V  [jvm.dll+0x36f480]
V  [jvm.dll+0x86f048]
V  [jvm.dll+0x870394]
V  [jvm.dll+0x8708d0]
V  [jvm.dll+0x870b63]
V  [jvm.dll+0x80fd28]
V  [jvm.dll+0x6d60fd]
C  [ucrtbase.dll+0x2cd30]
C  [KERNEL32.DLL+0x2ccb7]
C  [ntdll.dll+0xaad6c]

VM_Operation (0x0000008efabfbc00): G1CollectForAllocation, mode: safepoint, requested by thread 0x000001e212908280


---------------  P R O C E S S  ---------------

Threads class SMR info:
_java_thread_list=0x000001e21411b5b0, length=259, elements={
0x000001e257241330, 0x000001e208628270, 0x000001e208647040, 0x000001e20865aab0,
0x000001e20868d330, 0x000001e20865c120, 0x000001e208695e50, 0x000001e2086968b0,
0x000001e208698320, 0x000001e2086a1370, 0x000001e2087f81a0, 0x000001e20d08bdc0,
0x000001e20f1b3f00, 0x000001e20e5afec0, 0x000001e20f0f18e0, 0x000001e20e1f4b20,
0x000001e20e1f5ed0, 0x000001e20e1f3e00, 0x000001e20e1f51b0, 0x000001e20e1f4490,
0x000001e20e1f6560, 0x000001e20e1f3770, 0x000001e20e1f5840, 0x000001e20e1f6bf0,
0x000001e20f3e2b20, 0x000001e20f3e3ed0, 0x000001e20f3e4bf0, 0x000001e20f3e2490,
0x000001e20f3e5280, 0x000001e20f3e5910, 0x000001e21004e8a0, 0x000001e210051d20,
0x000001e21004ef30, 0x000001e210051000, 0x000001e20da9d1b0, 0x000001e21004f5c0,
0x000001e2100530d0, 0x000001e21004fc50, 0x000001e210055830, 0x000001e210054b10,
0x000001e210054480, 0x000001e2100551a0, 0x000001e210053df0, 0x000001e210053760,
0x000001e210055ec0, 0x000001e20e007900, 0x000001e20e007270, 0x000001e20e007f90,
0x000001e20e00a060, 0x000001e20e008620, 0x000001e20e008cb0, 0x000001e20e0099d0,
0x000001e20e009340, 0x000001e20e006be0, 0x000001e20e00d4e0, 0x000001e20e00a6f0,
0x000001e20e00ad80, 0x000001e20e00db70, 0x000001e20e00c130, 0x000001e20e00e200,
0x000001e20e00b410, 0x000001e20e00c7c0, 0x000001e20e00baa0, 0x000001e20e00ce50,
0x000001e20eac05c0, 0x000001e20eac0c50, 0x000001e20eabeb80, 0x000001e20eac1970,
0x000001e20eabf210, 0x000001e20eabff30, 0x000001e20eabf8a0, 0x000001e20eac12e0,
0x000001e20eabe4f0, 0x000001e20eac3a40, 0x000001e20eac4760, 0x000001e20eac2690,
0x000001e20eac2d20, 0x000001e20eac40d0, 0x000001e20eac4df0, 0x000001e20eac5480,
0x000001e20eac33b0, 0x000001e20eac2000, 0x000001e20eac5b10, 0x000001e212673ce0,
0x000001e212675720, 0x000001e212676440, 0x000001e212676ad0, 0x000001e212675090,
0x000001e212673650, 0x000001e2126777f0, 0x000001e212674370, 0x000001e212677e80,
0x000001e212675db0, 0x000001e212679f50, 0x000001e21267ac70, 0x000001e213637670,
0x000001e213637d00, 0x000001e213635c30, 0x000001e213636fe0, 0x000001e2136362c0,
0x000001e213636950, 0x000001e213638390, 0x000001e213638a20, 0x000001e2136355a0,
0x000001e21363bea0, 0x000001e213639740, 0x000001e21363aaf0, 0x000001e21363a460,
0x000001e21363c530, 0x000001e2136390b0, 0x000001e21363b180, 0x000001e21363b810,
0x000001e21363cbc0, 0x000001e213639dd0, 0x000001e212c4f7e0, 0x000001e212c4f150,
0x000001e212c4d710, 0x000001e212c4eac0, 0x000001e212c4fe70, 0x000001e212c4d080,
0x000001e212c50500, 0x000001e212c50b90, 0x000001e212c51220, 0x000001e212c4dda0,
0x000001e212c518b0, 0x000001e212c4e430, 0x000001e212c54010, 0x000001e212c51f40,
0x000001e212c546a0, 0x000001e212c525d0, 0x000001e212c52c60, 0x000001e212c532f0,
0x000001e212c53980, 0x000001e20f1e7d40, 0x000001e20f1e6990, 0x000001e20f1e5c70,
0x000001e20f1e6300, 0x000001e20f1e4f50, 0x000001e20f1e48c0, 0x000001e20f1e7020,
0x000001e20f1e76b0, 0x000001e20f1e83d0, 0x000001e20f1e8a60, 0x000001e20f1e55e0,
0x000001e20f1e9780, 0x000001e20f1e9e10, 0x000001e20f1eb850, 0x000001e20f1eb1c0,
0x000001e20f1ea4a0, 0x000001e20f1eab30, 0x000001e20f1ebee0, 0x000001e20f1e90f0,
0x000001e21182fe60, 0x000001e21182d700, 0x000001e2118304f0, 0x000001e21182d070,
0x000001e211831210, 0x000001e21182e420, 0x000001e211830b80, 0x000001e21182eab0,
0x000001e21182dd90, 0x000001e211831f30, 0x000001e2118318a0, 0x000001e2118325c0,
0x000001e21182f140, 0x000001e211832c50, 0x000001e21182f7d0, 0x000001e2118332e0,
0x000001e211833970, 0x000001e211834000, 0x000001e211834690, 0x000001e212906840,
0x000001e212907bf0, 0x000001e212906ed0, 0x000001e212907560, 0x000001e212908280,
0x000001e212904e00, 0x000001e212908910, 0x000001e212905490, 0x000001e212908fa0,
0x000001e212905b20, 0x000001e212909630, 0x000001e2129061b0, 0x000001e21290a350,
0x000001e21290a9e0, 0x000001e21290c420, 0x000001e21290cab0, 0x000001e21290bd90,
0x000001e21290b070, 0x000001e21290d140, 0x000001e212909cc0, 0x000001e21290d7d0,
0x000001e21290e4f0, 0x000001e21290de60, 0x000001e21290eb80, 0x000001e21290b700,
0x000001e21290ff30, 0x000001e2129105c0, 0x000001e212910c50, 0x000001e2129112e0,
0x000001e212911970, 0x000001e21290f8a0, 0x000001e212912000, 0x000001e21290f210,
0x000001e212912690, 0x000001e2129133b0, 0x000001e2129140d0, 0x000001e212913a40,
0x000001e20d3ead70, 0x000001e20d3eb400, 0x000001e20d3e8ca0, 0x000001e20d3ea050,
0x000001e20d3e9330, 0x000001e20d3ea6e0, 0x000001e20d3e8610, 0x000001e20d3e99c0,
0x000001e20d3eba90, 0x000001e20d3ee880, 0x000001e20d3eef10, 0x000001e20d3ed4d0,
0x000001e20d3edb60, 0x000001e20d3ee1f0, 0x000001e20d3ef5a0, 0x000001e20d3ec120,
0x000001e20d3efc30, 0x000001e20d3ec7b0, 0x000001e20d3f3dd0, 0x000001e20d3f7250,
0x000001e20d3f78e0, 0x000001e20d3f5180, 0x000001e20d3f5810, 0x000001e20d3f5ea0,
0x000001e20d3f6530, 0x000001e20d3f6bc0, 0x000001e21412e890, 0x000001e21412ef20,
0x000001e21412f5b0, 0x000001e21412db70, 0x000001e21412c130, 0x000001e21412ce50,
0x000001e21412d4e0, 0x000001e21412fc40, 0x000001e21412c7c0, 0x000001e21412e200,
0x000001e2141323a0, 0x000001e214131680, 0x000001e2141330c0, 0x000001e214132a30,
0x000001e214133750, 0x000001e2141302d0, 0x000001e214133de0, 0x000001e214130960,
0x000001e214130ff0, 0x000001e214135190, 0x000001e214134470, 0x000001e214134b00,
0x000001e214131d10, 0x000001e214137f80, 0x000001e214136bd0
}

Java Threads: ( => current thread )
  0x000001e257241330 JavaThread "main"                              [_thread_blocked, id=32364, stack(0x0000008eee300000,0x0000008eee400000) (1024K)]
  0x000001e208628270 JavaThread "Common-Cleaner"             daemon [_thread_blocked, id=6768, stack(0x0000008eeeb00000,0x0000008eeec00000) (1024K)]
  0x000001e208647040 JavaThread "Reference Handler"          daemon [_thread_blocked, id=30844, stack(0x0000008eeec00000,0x0000008eeed00000) (1024K)]
  0x000001e20865aab0 JavaThread "Finalizer"                  daemon [_thread_blocked, id=32596, stack(0x0000008eeed00000,0x0000008eeee00000) (1024K)]
  0x000001e20868d330 JavaThread "Signal Dispatcher"          daemon [_thread_blocked, id=32440, stack(0x0000008eeee00000,0x0000008eeef00000) (1024K)]
  0x000001e20865c120 JavaThread "Attach Listener"            daemon [_thread_blocked, id=32436, stack(0x0000008eeef00000,0x0000008eef000000) (1024K)]
  0x000001e208695e50 JavaThread "Service Thread"             daemon [_thread_blocked, id=32432, stack(0x0000008eef000000,0x0000008eef100000) (1024K)]
  0x000001e2086968b0 JavaThread "Monitor Deflation Thread"   daemon [_thread_blocked, id=32320, stack(0x0000008eef100000,0x0000008eef200000) (1024K)]
  0x000001e208698320 JavaThread "C2 CompilerThread0"         daemon [_thread_blocked, id=31780, stack(0x0000008eef200000,0x0000008eef300000) (1024K)]
  0x000001e2086a1370 JavaThread "C1 CompilerThread0"         daemon [_thread_blocked, id=31792, stack(0x0000008eef300000,0x0000008eef400000) (1024K)]
  0x000001e2087f81a0 JavaThread "C1 CompilerThread1"         daemon [_thread_blocked, id=32756, stack(0x0000008eef400000,0x0000008eef500000) (1024K)]
  0x000001e20d08bdc0 JavaThread "Notification Thread"        daemon [_thread_blocked, id=32764, stack(0x0000008eef500000,0x0000008eef600000) (1024K)]
  0x000001e20f1b3f00 JavaThread "Daemon health stats"               [_thread_blocked, id=11576, stack(0x0000008eefe00000,0x0000008eeff00000) (1024K)]
  0x000001e20e5afec0 JavaThread "Incoming local TCP Connector on port 55398"        [_thread_in_native, id=32100, stack(0x0000008eeff00000,0x0000008ef0000000) (1024K)]
  0x000001e20f0f18e0 JavaThread "Daemon periodic checks"            [_thread_blocked, id=31920, stack(0x0000008ef0000000,0x0000008ef0100000) (1024K)]
  0x000001e20e1f4b20 JavaThread "Daemon"                            [_thread_blocked, id=31956, stack(0x0000008ef0100000,0x0000008ef0200000) (1024K)]
  0x000001e20e1f5ed0 JavaThread "Handler for socket connection from /127.0.0.1:55398 to /127.0.0.1:55399"        [_thread_in_native, id=29000, stack(0x0000008ef0200000,0x0000008ef0300000) (1024K)]
  0x000001e20e1f3e00 JavaThread "Cancel handler"                    [_thread_blocked, id=32384, stack(0x0000008ef0300000,0x0000008ef0400000) (1024K)]
  0x000001e20e1f51b0 JavaThread "Daemon worker"                     [_thread_blocked, id=31596, stack(0x0000008ef0400000,0x0000008ef0500000) (1024K)]
  0x000001e20e1f4490 JavaThread "Asynchronous log dispatcher for DefaultDaemonConnection: socket connection from /127.0.0.1:55398 to /127.0.0.1:55399"        [_thread_blocked, id=2760, stack(0x0000008ef0500000,0x0000008ef0600000) (1024K)]
  0x000001e20e1f6560 JavaThread "Stdin handler"                     [_thread_blocked, id=29984, stack(0x0000008ef0600000,0x0000008ef0700000) (1024K)]
  0x000001e20e1f3770 JavaThread "Daemon client event forwarder"        [_thread_blocked, id=13084, stack(0x0000008ef0700000,0x0000008ef0800000) (1024K)]
  0x000001e20e1f5840 JavaThread "Cache worker for journal cache (C:\Users\levie\.gradle\caches\journal-1)"        [_thread_blocked, id=32388, stack(0x0000008ef1400000,0x0000008ef1500000) (1024K)]
  0x000001e20e1f6bf0 JavaThread "File lock request listener"        [_thread_in_native, id=32544, stack(0x0000008ef1500000,0x0000008ef1600000) (1024K)]
  0x000001e20f3e2b20 JavaThread "Cache worker for file hash cache (C:\Users\levie\.gradle\caches\9.1.0\fileHashes)"        [_thread_blocked, id=31912, stack(0x0000008ef1600000,0x0000008ef1700000) (1024K)]
  0x000001e20f3e3ed0 JavaThread "Cache worker for file hash cache (D:\Documents\HKIII_2025-2026\SE\HCMUS_CSC13002_FinFlow\android\.gradle\9.1.0\fileHashes)"        [_thread_blocked, id=31904, stack(0x0000008ef1700000,0x0000008ef1800000) (1024K)]
  0x000001e20f3e4bf0 JavaThread "Cache worker for Build Output Cleanup Cache (D:\Documents\HKIII_2025-2026\SE\HCMUS_CSC13002_FinFlow\android\.gradle\buildOutputCleanup)"        [_thread_blocked, id=31560, stack(0x0000008ef1800000,0x0000008ef1900000) (1024K)]
  0x000001e20f3e2490 JavaThread "File watcher server"        daemon [_thread_in_native, id=31444, stack(0x0000008ef1900000,0x0000008ef1a00000) (1024K)]
  0x000001e20f3e5280 JavaThread "File watcher consumer"      daemon [_thread_blocked, id=32240, stack(0x0000008ef1a00000,0x0000008ef1b00000) (1024K)]
  0x000001e20f3e5910 JavaThread "Cache worker for checksums cache (D:\Documents\HKIII_2025-2026\SE\HCMUS_CSC13002_FinFlow\android\.gradle\9.1.0\checksums)"        [_thread_blocked, id=29372, stack(0x0000008ef1b00000,0x0000008ef1c00000) (1024K)]
  0x000001e21004e8a0 JavaThread "Cache worker for file content cache (C:\Users\levie\.gradle\caches\9.1.0\fileContent)"        [_thread_blocked, id=29896, stack(0x0000008ef1c00000,0x0000008ef1d00000) (1024K)]
  0x000001e210051d20 JavaThread "Cache worker for cache directory md-supplier (C:\Users\levie\.gradle\caches\9.1.0\md-supplier)"        [_thread_blocked, id=31488, stack(0x0000008ef1d00000,0x0000008ef1e00000) (1024K)]
  0x000001e21004ef30 JavaThread "Cache worker for cache directory md-rule (C:\Users\levie\.gradle\caches\9.1.0\md-rule)"        [_thread_blocked, id=6552, stack(0x0000008ef1e00000,0x0000008ef1f00000) (1024K)]
  0x000001e210051000 JavaThread "Cache worker for Build Output Cleanup Cache (C:\flutter\packages\flutter_tools\gradle\.gradle\buildOutputCleanup)"        [_thread_blocked, id=28352, stack(0x0000008ef1f00000,0x0000008ef2000000) (1024K)]
  0x000001e20da9d1b0 JavaThread "C1 CompilerThread2"         daemon [_thread_blocked, id=27220, stack(0x0000008eefb00000,0x0000008eefc00000) (1024K)]
  0x000001e21004f5c0 JavaThread "Unconstrained build operations"        [_thread_blocked, id=21724, stack(0x0000008eefc00000,0x0000008eefd00000) (1024K)]
  0x000001e2100530d0 JavaThread "Unconstrained build operations Thread 2"        [_thread_blocked, id=19988, stack(0x0000008eefd00000,0x0000008eefe00000) (1024K)]
  0x000001e21004fc50 JavaThread "Unconstrained build operations Thread 3"        [_thread_blocked, id=2052, stack(0x0000008ef2100000,0x0000008ef2200000) (1024K)]
  0x000001e210055830 JavaThread "Unconstrained build operations Thread 4"        [_thread_blocked, id=11420, stack(0x0000008ef2200000,0x0000008ef2300000) (1024K)]
  0x000001e210054b10 JavaThread "Unconstrained build operations Thread 5"        [_thread_blocked, id=19840, stack(0x0000008ef2300000,0x0000008ef2400000) (1024K)]
  0x000001e210054480 JavaThread "Unconstrained build operations Thread 6"        [_thread_blocked, id=32572, stack(0x0000008ef2400000,0x0000008ef2500000) (1024K)]
  0x000001e2100551a0 JavaThread "Unconstrained build operations Thread 7"        [_thread_blocked, id=31848, stack(0x0000008ef2500000,0x0000008ef2600000) (1024K)]
  0x000001e210053df0 JavaThread "Unconstrained build operations Thread 8"        [_thread_blocked, id=31856, stack(0x0000008ef2600000,0x0000008ef2700000) (1024K)]
  0x000001e210053760 JavaThread "Unconstrained build operations Thread 9"        [_thread_blocked, id=29480, stack(0x0000008ef2700000,0x0000008ef2800000) (1024K)]
  0x000001e210055ec0 JavaThread "Unconstrained build operations Thread 10"        [_thread_blocked, id=30976, stack(0x0000008ef2800000,0x0000008ef2900000) (1024K)]
  0x000001e20e007900 JavaThread "Unconstrained build operations Thread 11"        [_thread_blocked, id=14520, stack(0x0000008ef2900000,0x0000008ef2a00000) (1024K)]
  0x000001e20e007270 JavaThread "Unconstrained build operations Thread 12"        [_thread_blocked, id=28056, stack(0x0000008ef2a00000,0x0000008ef2b00000) (1024K)]
  0x000001e20e007f90 JavaThread "Unconstrained build operations Thread 13"        [_thread_blocked, id=30920, stack(0x0000008ef2b00000,0x0000008ef2c00000) (1024K)]
  0x000001e20e00a060 JavaThread "Unconstrained build operations Thread 14"        [_thread_blocked, id=30008, stack(0x0000008ef2c00000,0x0000008ef2d00000) (1024K)]
  0x000001e20e008620 JavaThread "Unconstrained build operations Thread 15"        [_thread_blocked, id=28716, stack(0x0000008ef2d00000,0x0000008ef2e00000) (1024K)]
  0x000001e20e008cb0 JavaThread "Unconstrained build operations Thread 16"        [_thread_blocked, id=10536, stack(0x0000008ef2e00000,0x0000008ef2f00000) (1024K)]
  0x000001e20e0099d0 JavaThread "Unconstrained build operations Thread 17"        [_thread_blocked, id=11140, stack(0x0000008ef2f00000,0x0000008ef3000000) (1024K)]
  0x000001e20e009340 JavaThread "Unconstrained build operations Thread 18"        [_thread_blocked, id=30960, stack(0x0000008ef3000000,0x0000008ef3100000) (1024K)]
  0x000001e20e006be0 JavaThread "Unconstrained build operations Thread 19"        [_thread_blocked, id=30992, stack(0x0000008ef3100000,0x0000008ef3200000) (1024K)]
  0x000001e20e00d4e0 JavaThread "Unconstrained build operations Thread 20"        [_thread_blocked, id=23540, stack(0x0000008ef3200000,0x0000008ef3300000) (1024K)]
  0x000001e20e00a6f0 JavaThread "Unconstrained build operations Thread 21"        [_thread_blocked, id=21632, stack(0x0000008ef3300000,0x0000008ef3400000) (1024K)]
  0x000001e20e00ad80 JavaThread "Unconstrained build operations Thread 22"        [_thread_blocked, id=31460, stack(0x0000008ef3400000,0x0000008ef3500000) (1024K)]
  0x000001e20e00db70 JavaThread "Unconstrained build operations Thread 23"        [_thread_blocked, id=27844, stack(0x0000008ef3500000,0x0000008ef3600000) (1024K)]
  0x000001e20e00c130 JavaThread "Unconstrained build operations Thread 24"        [_thread_blocked, id=31000, stack(0x0000008ef3600000,0x0000008ef3700000) (1024K)]
  0x000001e20e00e200 JavaThread "Unconstrained build operations Thread 25"        [_thread_blocked, id=31852, stack(0x0000008ef3700000,0x0000008ef3800000) (1024K)]
  0x000001e20e00b410 JavaThread "Unconstrained build operations Thread 26"        [_thread_blocked, id=12928, stack(0x0000008ef3800000,0x0000008ef3900000) (1024K)]
  0x000001e20e00c7c0 JavaThread "Unconstrained build operations Thread 27"        [_thread_blocked, id=25276, stack(0x0000008ef3900000,0x0000008ef3a00000) (1024K)]
  0x000001e20e00baa0 JavaThread "Unconstrained build operations Thread 28"        [_thread_blocked, id=25256, stack(0x0000008ef3a00000,0x0000008ef3b00000) (1024K)]
  0x000001e20e00ce50 JavaThread "Unconstrained build operations Thread 29"        [_thread_blocked, id=16476, stack(0x0000008ef3b00000,0x0000008ef3c00000) (1024K)]
  0x000001e20eac05c0 JavaThread "Unconstrained build operations Thread 30"        [_thread_blocked, id=6372, stack(0x0000008ef3c00000,0x0000008ef3d00000) (1024K)]
  0x000001e20eac0c50 JavaThread "Unconstrained build operations Thread 31"        [_thread_blocked, id=20436, stack(0x0000008ef3d00000,0x0000008ef3e00000) (1024K)]
  0x000001e20eabeb80 JavaThread "Unconstrained build operations Thread 32"        [_thread_blocked, id=16160, stack(0x0000008ef3e00000,0x0000008ef3f00000) (1024K)]
  0x000001e20eac1970 JavaThread "Unconstrained build operations Thread 33"        [_thread_blocked, id=32772, stack(0x0000008ef3f00000,0x0000008ef4000000) (1024K)]
  0x000001e20eabf210 JavaThread "Unconstrained build operations Thread 34"        [_thread_blocked, id=32780, stack(0x0000008ef4000000,0x0000008ef4100000) (1024K)]
  0x000001e20eabff30 JavaThread "Unconstrained build operations Thread 35"        [_thread_blocked, id=32792, stack(0x0000008ef4100000,0x0000008ef4200000) (1024K)]
  0x000001e20eabf8a0 JavaThread "Unconstrained build operations Thread 36"        [_thread_blocked, id=32796, stack(0x0000008ef4200000,0x0000008ef4300000) (1024K)]
  0x000001e20eac12e0 JavaThread "Unconstrained build operations Thread 37"        [_thread_blocked, id=32800, stack(0x0000008ef4300000,0x0000008ef4400000) (1024K)]
  0x000001e20eabe4f0 JavaThread "Unconstrained build operations Thread 38"        [_thread_blocked, id=32804, stack(0x0000008ef4400000,0x0000008ef4500000) (1024K)]
  0x000001e20eac3a40 JavaThread "Unconstrained build operations Thread 39"        [_thread_blocked, id=32868, stack(0x0000008ef4500000,0x0000008ef4600000) (1024K)]
  0x000001e20eac4760 JavaThread "Unconstrained build operations Thread 40"        [_thread_blocked, id=32872, stack(0x0000008ef4600000,0x0000008ef4700000) (1024K)]
  0x000001e20eac2690 JavaThread "Unconstrained build operations Thread 41"        [_thread_blocked, id=32876, stack(0x0000008ef4700000,0x0000008ef4800000) (1024K)]
  0x000001e20eac2d20 JavaThread "Unconstrained build operations Thread 42"        [_thread_blocked, id=32880, stack(0x0000008ef4800000,0x0000008ef4900000) (1024K)]
  0x000001e20eac40d0 JavaThread "Unconstrained build operations Thread 43"        [_thread_blocked, id=32884, stack(0x0000008ef4900000,0x0000008ef4a00000) (1024K)]
  0x000001e20eac4df0 JavaThread "Unconstrained build operations Thread 44"        [_thread_blocked, id=32904, stack(0x0000008ef4a00000,0x0000008ef4b00000) (1024K)]
  0x000001e20eac5480 JavaThread "Unconstrained build operations Thread 45"        [_thread_blocked, id=32908, stack(0x0000008ef4b00000,0x0000008ef4c00000) (1024K)]
  0x000001e20eac33b0 JavaThread "Unconstrained build operations Thread 46"        [_thread_blocked, id=32916, stack(0x0000008ef4c00000,0x0000008ef4d00000) (1024K)]
  0x000001e20eac2000 JavaThread "Unconstrained build operations Thread 47"        [_thread_blocked, id=32920, stack(0x0000008ef4d00000,0x0000008ef4e00000) (1024K)]
  0x000001e20eac5b10 JavaThread "Unconstrained build operations Thread 48"        [_thread_blocked, id=32924, stack(0x0000008ef4e00000,0x0000008ef4f00000) (1024K)]
  0x000001e212673ce0 JavaThread "Unconstrained build operations Thread 49"        [_thread_blocked, id=32928, stack(0x0000008ef4f00000,0x0000008ef5000000) (1024K)]
  0x000001e212675720 JavaThread "Unconstrained build operations Thread 50"        [_thread_blocked, id=32932, stack(0x0000008ef5000000,0x0000008ef5100000) (1024K)]
  0x000001e212676440 JavaThread "Unconstrained build operations Thread 51"        [_thread_blocked, id=32936, stack(0x0000008ef5100000,0x0000008ef5200000) (1024K)]
  0x000001e212676ad0 JavaThread "Unconstrained build operations Thread 52"        [_thread_blocked, id=32940, stack(0x0000008ef5200000,0x0000008ef5300000) (1024K)]
  0x000001e212675090 JavaThread "Unconstrained build operations Thread 53"        [_thread_blocked, id=32944, stack(0x0000008ef5300000,0x0000008ef5400000) (1024K)]
  0x000001e212673650 JavaThread "Unconstrained build operations Thread 54"        [_thread_blocked, id=32948, stack(0x0000008ef5400000,0x0000008ef5500000) (1024K)]
  0x000001e2126777f0 JavaThread "Unconstrained build operations Thread 55"        [_thread_blocked, id=32952, stack(0x0000008ef5500000,0x0000008ef5600000) (1024K)]
  0x000001e212674370 JavaThread "Unconstrained build operations Thread 56"        [_thread_blocked, id=32956, stack(0x0000008ef5600000,0x0000008ef5700000) (1024K)]
  0x000001e212677e80 JavaThread "Unconstrained build operations Thread 57"        [_thread_blocked, id=32960, stack(0x0000008ef5700000,0x0000008ef5800000) (1024K)]
  0x000001e212675db0 JavaThread "Memory manager"                    [_thread_blocked, id=33032, stack(0x0000008ef5800000,0x0000008ef5900000) (1024K)]
  0x000001e212679f50 JavaThread "build event listener"              [_thread_blocked, id=33204, stack(0x0000008ef5900000,0x0000008ef5a00000) (1024K)]
  0x000001e21267ac70 JavaThread "included builds"                   [_thread_blocked, id=33432, stack(0x0000008ef5a00000,0x0000008ef5b00000) (1024K)]
  0x000001e213637670 JavaThread "Execution worker"                  [_thread_blocked, id=33436, stack(0x0000008ef5b00000,0x0000008ef5c00000) (1024K)]
  0x000001e213637d00 JavaThread "Execution worker Thread 2"         [_thread_blocked, id=33440, stack(0x0000008ef5c00000,0x0000008ef5d00000) (1024K)]
  0x000001e213635c30 JavaThread "Execution worker Thread 3"         [_thread_blocked, id=33444, stack(0x0000008ef5d00000,0x0000008ef5e00000) (1024K)]
  0x000001e213636fe0 JavaThread "Execution worker Thread 4"         [_thread_blocked, id=33448, stack(0x0000008ef5e00000,0x0000008ef5f00000) (1024K)]
  0x000001e2136362c0 JavaThread "Execution worker Thread 5"         [_thread_blocked, id=33452, stack(0x0000008ef5f00000,0x0000008ef6000000) (1024K)]
  0x000001e213636950 JavaThread "Execution worker Thread 6"         [_thread_blocked, id=33456, stack(0x0000008ef6000000,0x0000008ef6100000) (1024K)]
  0x000001e213638390 JavaThread "Execution worker Thread 7"         [_thread_blocked, id=33460, stack(0x0000008ef6100000,0x0000008ef6200000) (1024K)]
  0x000001e213638a20 JavaThread "Execution worker Thread 8"         [_thread_blocked, id=33464, stack(0x0000008ef6200000,0x0000008ef6300000) (1024K)]
  0x000001e2136355a0 JavaThread "Execution worker Thread 9"         [_thread_blocked, id=33468, stack(0x0000008ef6300000,0x0000008ef6400000) (1024K)]
  0x000001e21363bea0 JavaThread "Execution worker Thread 10"        [_thread_blocked, id=33472, stack(0x0000008ef6400000,0x0000008ef6500000) (1024K)]
  0x000001e213639740 JavaThread "Execution worker Thread 11"        [_thread_blocked, id=33476, stack(0x0000008ef6500000,0x0000008ef6600000) (1024K)]
  0x000001e21363aaf0 JavaThread "Execution worker Thread 12"        [_thread_blocked, id=33480, stack(0x0000008ef6600000,0x0000008ef6700000) (1024K)]
  0x000001e21363a460 JavaThread "Execution worker Thread 13"        [_thread_blocked, id=33484, stack(0x0000008ef6700000,0x0000008ef6800000) (1024K)]
  0x000001e21363c530 JavaThread "Execution worker Thread 14"        [_thread_blocked, id=33488, stack(0x0000008ef6800000,0x0000008ef6900000) (1024K)]
  0x000001e2136390b0 JavaThread "Execution worker Thread 15"        [_thread_blocked, id=33492, stack(0x0000008ef6900000,0x0000008ef6a00000) (1024K)]
  0x000001e21363b180 JavaThread "Execution worker Thread 16"        [_thread_blocked, id=33496, stack(0x0000008ef6a00000,0x0000008ef6b00000) (1024K)]
  0x000001e21363b810 JavaThread "Execution worker Thread 17"        [_thread_blocked, id=33500, stack(0x0000008ef6b00000,0x0000008ef6c00000) (1024K)]
  0x000001e21363cbc0 JavaThread "Execution worker Thread 18"        [_thread_blocked, id=33504, stack(0x0000008ef6c00000,0x0000008ef6d00000) (1024K)]
  0x000001e213639dd0 JavaThread "Execution worker Thread 19"        [_thread_blocked, id=33508, stack(0x0000008ef6d00000,0x0000008ef6e00000) (1024K)]
  0x000001e212c4f7e0 JavaThread "Cache worker for execution history cache (C:\flutter\packages\flutter_tools\gradle\.gradle\9.1.0\executionHistory)"        [_thread_blocked, id=33512, stack(0x0000008ef6e00000,0x0000008ef6f00000) (1024K)]
  0x000001e212c4f150 JavaThread "Unconstrained build operations Thread 58"        [_thread_blocked, id=33536, stack(0x0000008ef6f00000,0x0000008ef7000000) (1024K)]
  0x000001e212c4d710 JavaThread "Unconstrained build operations Thread 59"        [_thread_blocked, id=33540, stack(0x0000008ef7000000,0x0000008ef7100000) (1024K)]
  0x000001e212c4eac0 JavaThread "Unconstrained build operations Thread 60"        [_thread_blocked, id=33544, stack(0x0000008ef7100000,0x0000008ef7200000) (1024K)]
  0x000001e212c4fe70 JavaThread "Unconstrained build operations Thread 61"        [_thread_blocked, id=33548, stack(0x0000008ef7200000,0x0000008ef7300000) (1024K)]
  0x000001e212c4d080 JavaThread "Unconstrained build operations Thread 62"        [_thread_blocked, id=33552, stack(0x0000008ef7300000,0x0000008ef7400000) (1024K)]
  0x000001e212c50500 JavaThread "Unconstrained build operations Thread 63"        [_thread_blocked, id=33556, stack(0x0000008ef7400000,0x0000008ef7500000) (1024K)]
  0x000001e212c50b90 JavaThread "Unconstrained build operations Thread 64"        [_thread_blocked, id=33560, stack(0x0000008ef7500000,0x0000008ef7600000) (1024K)]
  0x000001e212c51220 JavaThread "Unconstrained build operations Thread 65"        [_thread_blocked, id=33564, stack(0x0000008ef7600000,0x0000008ef7700000) (1024K)]
  0x000001e212c4dda0 JavaThread "Unconstrained build operations Thread 66"        [_thread_blocked, id=33568, stack(0x0000008ef7700000,0x0000008ef7800000) (1024K)]
  0x000001e212c518b0 JavaThread "Unconstrained build operations Thread 67"        [_thread_blocked, id=33572, stack(0x0000008ef7800000,0x0000008ef7900000) (1024K)]
  0x000001e212c4e430 JavaThread "Unconstrained build operations Thread 68"        [_thread_blocked, id=33576, stack(0x0000008ef7900000,0x0000008ef7a00000) (1024K)]
  0x000001e212c54010 JavaThread "Unconstrained build operations Thread 69"        [_thread_blocked, id=33580, stack(0x0000008ef7a00000,0x0000008ef7b00000) (1024K)]
  0x000001e212c51f40 JavaThread "Unconstrained build operations Thread 70"        [_thread_blocked, id=33584, stack(0x0000008ef7b00000,0x0000008ef7c00000) (1024K)]
  0x000001e212c546a0 JavaThread "Unconstrained build operations Thread 71"        [_thread_blocked, id=33588, stack(0x0000008ef7c00000,0x0000008ef7d00000) (1024K)]
  0x000001e212c525d0 JavaThread "Unconstrained build operations Thread 72"        [_thread_blocked, id=33592, stack(0x0000008ef7d00000,0x0000008ef7e00000) (1024K)]
  0x000001e212c52c60 JavaThread "Unconstrained build operations Thread 73"        [_thread_blocked, id=33596, stack(0x0000008ef7e00000,0x0000008ef7f00000) (1024K)]
  0x000001e212c532f0 JavaThread "Unconstrained build operations Thread 74"        [_thread_blocked, id=33600, stack(0x0000008ef7f00000,0x0000008ef8000000) (1024K)]
  0x000001e212c53980 JavaThread "Unconstrained build operations Thread 75"        [_thread_blocked, id=33604, stack(0x0000008ef8000000,0x0000008ef8100000) (1024K)]
  0x000001e20f1e7d40 JavaThread "Unconstrained build operations Thread 76"        [_thread_blocked, id=33608, stack(0x0000008ef8100000,0x0000008ef8200000) (1024K)]
  0x000001e20f1e6990 JavaThread "Unconstrained build operations Thread 77"        [_thread_blocked, id=33612, stack(0x0000008ef8200000,0x0000008ef8300000) (1024K)]
  0x000001e20f1e5c70 JavaThread "Unconstrained build operations Thread 78"        [_thread_blocked, id=33616, stack(0x0000008ef8300000,0x0000008ef8400000) (1024K)]
  0x000001e20f1e6300 JavaThread "Unconstrained build operations Thread 79"        [_thread_blocked, id=33620, stack(0x0000008ef8400000,0x0000008ef8500000) (1024K)]
  0x000001e20f1e4f50 JavaThread "Unconstrained build operations Thread 80"        [_thread_blocked, id=33624, stack(0x0000008ef8500000,0x0000008ef8600000) (1024K)]
  0x000001e20f1e48c0 JavaThread "Unconstrained build operations Thread 81"        [_thread_blocked, id=33628, stack(0x0000008ef8600000,0x0000008ef8700000) (1024K)]
  0x000001e20f1e7020 JavaThread "Unconstrained build operations Thread 82"        [_thread_blocked, id=33632, stack(0x0000008ef8700000,0x0000008ef8800000) (1024K)]
  0x000001e20f1e76b0 JavaThread "Unconstrained build operations Thread 83"        [_thread_blocked, id=33636, stack(0x0000008ef8800000,0x0000008ef8900000) (1024K)]
  0x000001e20f1e83d0 JavaThread "Unconstrained build operations Thread 84"        [_thread_blocked, id=33640, stack(0x0000008ef8900000,0x0000008ef8a00000) (1024K)]
  0x000001e20f1e8a60 JavaThread "Unconstrained build operations Thread 85"        [_thread_blocked, id=33644, stack(0x0000008ef8a00000,0x0000008ef8b00000) (1024K)]
  0x000001e20f1e55e0 JavaThread "Unconstrained build operations Thread 86"        [_thread_blocked, id=33648, stack(0x0000008ef8b00000,0x0000008ef8c00000) (1024K)]
  0x000001e20f1e9780 JavaThread "Unconstrained build operations Thread 87"        [_thread_blocked, id=33652, stack(0x0000008ef8c00000,0x0000008ef8d00000) (1024K)]
  0x000001e20f1e9e10 JavaThread "Unconstrained build operations Thread 88"        [_thread_blocked, id=33656, stack(0x0000008ef8d00000,0x0000008ef8e00000) (1024K)]
  0x000001e20f1eb850 JavaThread "Unconstrained build operations Thread 89"        [_thread_blocked, id=33660, stack(0x0000008ef8e00000,0x0000008ef8f00000) (1024K)]
  0x000001e20f1eb1c0 JavaThread "Unconstrained build operations Thread 90"        [_thread_blocked, id=33664, stack(0x0000008ef8f00000,0x0000008ef9000000) (1024K)]
  0x000001e20f1ea4a0 JavaThread "Unconstrained build operations Thread 91"        [_thread_blocked, id=33668, stack(0x0000008ef9000000,0x0000008ef9100000) (1024K)]
  0x000001e20f1eab30 JavaThread "Unconstrained build operations Thread 92"        [_thread_blocked, id=33672, stack(0x0000008ef9100000,0x0000008ef9200000) (1024K)]
  0x000001e20f1ebee0 JavaThread "Unconstrained build operations Thread 93"        [_thread_blocked, id=33676, stack(0x0000008ef9200000,0x0000008ef9300000) (1024K)]
  0x000001e20f1e90f0 JavaThread "Unconstrained build operations Thread 94"        [_thread_blocked, id=33680, stack(0x0000008ef9300000,0x0000008ef9400000) (1024K)]
  0x000001e21182fe60 JavaThread "Unconstrained build operations Thread 95"        [_thread_blocked, id=33684, stack(0x0000008ef9400000,0x0000008ef9500000) (1024K)]
  0x000001e21182d700 JavaThread "Unconstrained build operations Thread 96"        [_thread_blocked, id=33688, stack(0x0000008ef9500000,0x0000008ef9600000) (1024K)]
  0x000001e2118304f0 JavaThread "Unconstrained build operations Thread 97"        [_thread_blocked, id=33692, stack(0x0000008ef9600000,0x0000008ef9700000) (1024K)]
  0x000001e21182d070 JavaThread "Unconstrained build operations Thread 98"        [_thread_blocked, id=33696, stack(0x0000008ef9700000,0x0000008ef9800000) (1024K)]
  0x000001e211831210 JavaThread "Unconstrained build operations Thread 99"        [_thread_blocked, id=33700, stack(0x0000008ef9800000,0x0000008ef9900000) (1024K)]
  0x000001e21182e420 JavaThread "Unconstrained build operations Thread 100"        [_thread_blocked, id=33704, stack(0x0000008ef9900000,0x0000008ef9a00000) (1024K)]
  0x000001e211830b80 JavaThread "Unconstrained build operations Thread 101"        [_thread_blocked, id=33708, stack(0x0000008ef9a00000,0x0000008ef9b00000) (1024K)]
  0x000001e21182eab0 JavaThread "Unconstrained build operations Thread 102"        [_thread_blocked, id=33712, stack(0x0000008ef9b00000,0x0000008ef9c00000) (1024K)]
  0x000001e21182dd90 JavaThread "Unconstrained build operations Thread 103"        [_thread_blocked, id=33716, stack(0x0000008ef9c00000,0x0000008ef9d00000) (1024K)]
  0x000001e211831f30 JavaThread "Unconstrained build operations Thread 104"        [_thread_blocked, id=33720, stack(0x0000008ef9d00000,0x0000008ef9e00000) (1024K)]
  0x000001e2118318a0 JavaThread "Unconstrained build operations Thread 105"        [_thread_blocked, id=33724, stack(0x0000008ef9e00000,0x0000008ef9f00000) (1024K)]
  0x000001e2118325c0 JavaThread "Unconstrained build operations Thread 106"        [_thread_blocked, id=33728, stack(0x0000008ef9f00000,0x0000008efa000000) (1024K)]
  0x000001e21182f140 JavaThread "Unconstrained build operations Thread 107"        [_thread_blocked, id=33732, stack(0x0000008efa000000,0x0000008efa100000) (1024K)]
  0x000001e211832c50 JavaThread "Unconstrained build operations Thread 108"        [_thread_blocked, id=33736, stack(0x0000008efa100000,0x0000008efa200000) (1024K)]
  0x000001e21182f7d0 JavaThread "Unconstrained build operations Thread 109"        [_thread_blocked, id=33740, stack(0x0000008efa200000,0x0000008efa300000) (1024K)]
  0x000001e2118332e0 JavaThread "Unconstrained build operations Thread 110"        [_thread_blocked, id=33744, stack(0x0000008efa300000,0x0000008efa400000) (1024K)]
  0x000001e211833970 JavaThread "Unconstrained build operations Thread 111"        [_thread_blocked, id=33748, stack(0x0000008efa400000,0x0000008efa500000) (1024K)]
  0x000001e211834000 JavaThread "Unconstrained build operations Thread 112"        [_thread_blocked, id=32912, stack(0x0000008efa500000,0x0000008efa600000) (1024K)]
  0x000001e211834690 JavaThread "Unconstrained build operations Thread 113"        [_thread_blocked, id=32844, stack(0x0000008efa600000,0x0000008efa700000) (1024K)]
  0x000001e212906840 JavaThread "Unconstrained build operations Thread 114"        [_thread_blocked, id=32840, stack(0x0000008efa700000,0x0000008efa800000) (1024K)]
  0x000001e212907bf0 JavaThread "Unconstrained build operations Thread 115"        [_thread_blocked, id=32864, stack(0x0000008efa800000,0x0000008efa900000) (1024K)]
  0x000001e212906ed0 JavaThread "Unconstrained build operations Thread 116"        [_thread_blocked, id=32836, stack(0x0000008efa900000,0x0000008efaa00000) (1024K)]
  0x000001e212907560 JavaThread "Unconstrained build operations Thread 117"        [_thread_blocked, id=32812, stack(0x0000008efaa00000,0x0000008efab00000) (1024K)]
  0x000001e212908280 JavaThread "Unconstrained build operations Thread 118"        [_thread_blocked, id=32784, stack(0x0000008efab00000,0x0000008efac00000) (1024K)]
  0x000001e212904e00 JavaThread "Unconstrained build operations Thread 119"        [_thread_blocked, id=33040, stack(0x0000008efac00000,0x0000008efad00000) (1024K)]
  0x000001e212908910 JavaThread "Unconstrained build operations Thread 120"        [_thread_blocked, id=33036, stack(0x0000008efad00000,0x0000008efae00000) (1024K)]
  0x000001e212905490 JavaThread "Unconstrained build operations Thread 121"        [_thread_blocked, id=32368, stack(0x0000008efae00000,0x0000008efaf00000) (1024K)]
  0x000001e212908fa0 JavaThread "Unconstrained build operations Thread 122"        [_thread_blocked, id=31708, stack(0x0000008efaf00000,0x0000008efb000000) (1024K)]
  0x000001e212905b20 JavaThread "Unconstrained build operations Thread 123"        [_thread_blocked, id=20176, stack(0x0000008efb000000,0x0000008efb100000) (1024K)]
  0x000001e212909630 JavaThread "Unconstrained build operations Thread 124"        [_thread_blocked, id=31160, stack(0x0000008efb100000,0x0000008efb200000) (1024K)]
  0x000001e2129061b0 JavaThread "Unconstrained build operations Thread 125"        [_thread_blocked, id=32516, stack(0x0000008efb200000,0x0000008efb300000) (1024K)]
  0x000001e21290a350 JavaThread "Unconstrained build operations Thread 126"        [_thread_blocked, id=31176, stack(0x0000008efb300000,0x0000008efb400000) (1024K)]
  0x000001e21290a9e0 JavaThread "Unconstrained build operations Thread 127"        [_thread_blocked, id=32656, stack(0x0000008efb400000,0x0000008efb500000) (1024K)]
  0x000001e21290c420 JavaThread "Unconstrained build operations Thread 128"        [_thread_blocked, id=20148, stack(0x0000008efb500000,0x0000008efb600000) (1024K)]
  0x000001e21290cab0 JavaThread "Unconstrained build operations Thread 129"        [_thread_blocked, id=31760, stack(0x0000008efb600000,0x0000008efb700000) (1024K)]
  0x000001e21290bd90 JavaThread "Unconstrained build operations Thread 130"        [_thread_blocked, id=33028, stack(0x0000008efb700000,0x0000008efb800000) (1024K)]
  0x000001e21290b070 JavaThread "Unconstrained build operations Thread 131"        [_thread_blocked, id=17320, stack(0x0000008efb800000,0x0000008efb900000) (1024K)]
  0x000001e21290d140 JavaThread "Unconstrained build operations Thread 132"        [_thread_blocked, id=31872, stack(0x0000008efb900000,0x0000008efba00000) (1024K)]
  0x000001e212909cc0 JavaThread "Unconstrained build operations Thread 133"        [_thread_blocked, id=32504, stack(0x0000008efba00000,0x0000008efbb00000) (1024K)]
  0x000001e21290d7d0 JavaThread "Unconstrained build operations Thread 134"        [_thread_blocked, id=31416, stack(0x0000008efbb00000,0x0000008efbc00000) (1024K)]
  0x000001e21290e4f0 JavaThread "Unconstrained build operations Thread 135"        [_thread_blocked, id=33056, stack(0x0000008efbc00000,0x0000008efbd00000) (1024K)]
  0x000001e21290de60 JavaThread "Unconstrained build operations Thread 136"        [_thread_blocked, id=33052, stack(0x0000008efbd00000,0x0000008efbe00000) (1024K)]
  0x000001e21290eb80 JavaThread "Unconstrained build operations Thread 137"        [_thread_blocked, id=25752, stack(0x0000008efbe00000,0x0000008efbf00000) (1024K)]
  0x000001e21290b700 JavaThread "Unconstrained build operations Thread 138"        [_thread_blocked, id=24804, stack(0x0000008efbf00000,0x0000008efc000000) (1024K)]
  0x000001e21290ff30 JavaThread "Unconstrained build operations Thread 139"        [_thread_blocked, id=23232, stack(0x0000008efc000000,0x0000008efc100000) (1024K)]
  0x000001e2129105c0 JavaThread "Unconstrained build operations Thread 140"        [_thread_blocked, id=27044, stack(0x0000008efc100000,0x0000008efc200000) (1024K)]
  0x000001e212910c50 JavaThread "Unconstrained build operations Thread 141"        [_thread_blocked, id=11656, stack(0x0000008efc200000,0x0000008efc300000) (1024K)]
  0x000001e2129112e0 JavaThread "Unconstrained build operations Thread 142"        [_thread_blocked, id=11732, stack(0x0000008efc300000,0x0000008efc400000) (1024K)]
  0x000001e212911970 JavaThread "Unconstrained build operations Thread 143"        [_thread_blocked, id=31380, stack(0x0000008efc400000,0x0000008efc500000) (1024K)]
  0x000001e21290f8a0 JavaThread "Unconstrained build operations Thread 144"        [_thread_blocked, id=33100, stack(0x0000008efc500000,0x0000008efc600000) (1024K)]
  0x000001e212912000 JavaThread "Unconstrained build operations Thread 145"        [_thread_blocked, id=31032, stack(0x0000008efc600000,0x0000008efc700000) (1024K)]
  0x000001e21290f210 JavaThread "Unconstrained build operations Thread 146"        [_thread_blocked, id=31204, stack(0x0000008efc700000,0x0000008efc800000) (1024K)]
  0x000001e212912690 JavaThread "Unconstrained build operations Thread 147"        [_thread_blocked, id=33084, stack(0x0000008efc800000,0x0000008efc900000) (1024K)]
  0x000001e2129133b0 JavaThread "Unconstrained build operations Thread 148"        [_thread_blocked, id=19468, stack(0x0000008efc900000,0x0000008efca00000) (1024K)]
  0x000001e2129140d0 JavaThread "Unconstrained build operations Thread 149"        [_thread_blocked, id=23456, stack(0x0000008efca00000,0x0000008efcb00000) (1024K)]
  0x000001e212913a40 JavaThread "Unconstrained build operations Thread 150"        [_thread_blocked, id=29592, stack(0x0000008efcb00000,0x0000008efcc00000) (1024K)]
  0x000001e20d3ead70 JavaThread "Unconstrained build operations Thread 151"        [_thread_blocked, id=30156, stack(0x0000008efcc00000,0x0000008efcd00000) (1024K)]
  0x000001e20d3eb400 JavaThread "Unconstrained build operations Thread 152"        [_thread_blocked, id=31264, stack(0x0000008efcd00000,0x0000008efce00000) (1024K)]
  0x000001e20d3e8ca0 JavaThread "Unconstrained build operations Thread 153"        [_thread_blocked, id=22244, stack(0x0000008efce00000,0x0000008efcf00000) (1024K)]
  0x000001e20d3ea050 JavaThread "Unconstrained build operations Thread 154"        [_thread_blocked, id=33140, stack(0x0000008efcf00000,0x0000008efd000000) (1024K)]
  0x000001e20d3e9330 JavaThread "Unconstrained build operations Thread 155"        [_thread_blocked, id=33144, stack(0x0000008efd000000,0x0000008efd100000) (1024K)]
  0x000001e20d3ea6e0 JavaThread "Unconstrained build operations Thread 156"        [_thread_blocked, id=33136, stack(0x0000008efd100000,0x0000008efd200000) (1024K)]
  0x000001e20d3e8610 JavaThread "Unconstrained build operations Thread 157"        [_thread_blocked, id=33180, stack(0x0000008efd200000,0x0000008efd300000) (1024K)]
  0x000001e20d3e99c0 JavaThread "Unconstrained build operations Thread 158"        [_thread_blocked, id=33176, stack(0x0000008efd300000,0x0000008efd400000) (1024K)]
  0x000001e20d3eba90 JavaThread "Unconstrained build operations Thread 159"        [_thread_blocked, id=33172, stack(0x0000008efd400000,0x0000008efd500000) (1024K)]
  0x000001e20d3ee880 JavaThread "Unconstrained build operations Thread 160"        [_thread_blocked, id=33112, stack(0x0000008efd500000,0x0000008efd600000) (1024K)]
  0x000001e20d3eef10 JavaThread "Unconstrained build operations Thread 161"        [_thread_blocked, id=33160, stack(0x0000008efd600000,0x0000008efd700000) (1024K)]
  0x000001e20d3ed4d0 JavaThread "Unconstrained build operations Thread 162"        [_thread_blocked, id=33152, stack(0x0000008efd700000,0x0000008efd800000) (1024K)]
  0x000001e20d3edb60 JavaThread "Unconstrained build operations Thread 163"        [_thread_blocked, id=33148, stack(0x0000008efd800000,0x0000008efd900000) (1024K)]
  0x000001e20d3ee1f0 JavaThread "Unconstrained build operations Thread 164"        [_thread_blocked, id=33132, stack(0x0000008efd900000,0x0000008efda00000) (1024K)]
  0x000001e20d3ef5a0 JavaThread "Unconstrained build operations Thread 165"        [_thread_blocked, id=33108, stack(0x0000008efda00000,0x0000008efdb00000) (1024K)]
  0x000001e20d3ec120 JavaThread "Unconstrained build operations Thread 166"        [_thread_blocked, id=31480, stack(0x0000008efdb00000,0x0000008efdc00000) (1024K)]
  0x000001e20d3efc30 JavaThread "Unconstrained build operations Thread 167"        [_thread_blocked, id=33208, stack(0x0000008efdc00000,0x0000008efdd00000) (1024K)]
  0x000001e20d3ec7b0 JavaThread "Unconstrained build operations Thread 168"        [_thread_blocked, id=33212, stack(0x0000008efdd00000,0x0000008efde00000) (1024K)]
  0x000001e20d3f3dd0 JavaThread "build event listener"              [_thread_blocked, id=29720, stack(0x0000008efde00000,0x0000008efdf00000) (1024K)]
  0x000001e20d3f7250 JavaThread "Unconstrained build operations Thread 169"        [_thread_blocked, id=32888, stack(0x0000008efdf00000,0x0000008efe000000) (1024K)]
  0x000001e20d3f78e0 JavaThread "Unconstrained build operations Thread 170"        [_thread_blocked, id=504, stack(0x0000008efe200000,0x0000008efe300000) (1024K)]
  0x000001e20d3f5180 JavaThread "Unconstrained build operations Thread 171"        [_thread_blocked, id=32828, stack(0x0000008efe300000,0x0000008efe400000) (1024K)]
  0x000001e20d3f5810 JavaThread "Unconstrained build operations Thread 172"        [_thread_blocked, id=19948, stack(0x0000008efe400000,0x0000008efe500000) (1024K)]
  0x000001e20d3f5ea0 JavaThread "Unconstrained build operations Thread 173"        [_thread_blocked, id=25436, stack(0x0000008efe500000,0x0000008efe600000) (1024K)]
  0x000001e20d3f6530 JavaThread "Unconstrained build operations Thread 174"        [_thread_blocked, id=23812, stack(0x0000008efe600000,0x0000008efe700000) (1024K)]
  0x000001e20d3f6bc0 JavaThread "Unconstrained build operations Thread 175"        [_thread_blocked, id=32788, stack(0x0000008efe700000,0x0000008efe800000) (1024K)]
  0x000001e21412e890 JavaThread "Unconstrained build operations Thread 176"        [_thread_blocked, id=32856, stack(0x0000008efe800000,0x0000008efe900000) (1024K)]
  0x000001e21412ef20 JavaThread "Unconstrained build operations Thread 177"        [_thread_blocked, id=32860, stack(0x0000008efe900000,0x0000008efea00000) (1024K)]
  0x000001e21412f5b0 JavaThread "Unconstrained build operations Thread 178"        [_thread_blocked, id=33780, stack(0x0000008efea00000,0x0000008efeb00000) (1024K)]
  0x000001e21412db70 JavaThread "Unconstrained build operations Thread 179"        [_thread_blocked, id=33784, stack(0x0000008efeb00000,0x0000008efec00000) (1024K)]
  0x000001e21412c130 JavaThread "Unconstrained build operations Thread 180"        [_thread_blocked, id=33528, stack(0x0000008efec00000,0x0000008efed00000) (1024K)]
  0x000001e21412ce50 JavaThread "Unconstrained build operations Thread 181"        [_thread_blocked, id=32832, stack(0x0000008efed00000,0x0000008efee00000) (1024K)]
  0x000001e21412d4e0 JavaThread "Unconstrained build operations Thread 182"        [_thread_blocked, id=32848, stack(0x0000008efee00000,0x0000008efef00000) (1024K)]
  0x000001e21412fc40 JavaThread "Unconstrained build operations Thread 183"        [_thread_blocked, id=29216, stack(0x0000008efef00000,0x0000008eff000000) (1024K)]
  0x000001e21412c7c0 JavaThread "Unconstrained build operations Thread 184"        [_thread_blocked, id=33768, stack(0x0000008eff000000,0x0000008eff100000) (1024K)]
  0x000001e21412e200 JavaThread "Unconstrained build operations Thread 185"        [_thread_blocked, id=15620, stack(0x0000008eff100000,0x0000008eff200000) (1024K)]
  0x000001e2141323a0 JavaThread "Unconstrained build operations Thread 186"        [_thread_blocked, id=33264, stack(0x0000008eff200000,0x0000008eff300000) (1024K)]
  0x000001e214131680 JavaThread "Unconstrained build operations Thread 187"        [_thread_blocked, id=33184, stack(0x0000008eff300000,0x0000008eff400000) (1024K)]
  0x000001e2141330c0 JavaThread "Unconstrained build operations Thread 188"        [_thread_blocked, id=33168, stack(0x0000008eff400000,0x0000008eff500000) (1024K)]
  0x000001e214132a30 JavaThread "Unconstrained build operations Thread 189"        [_thread_blocked, id=33196, stack(0x0000008eff500000,0x0000008eff600000) (1024K)]
  0x000001e214133750 JavaThread "Unconstrained build operations Thread 190"        [_thread_blocked, id=33300, stack(0x0000008eff600000,0x0000008eff700000) (1024K)]
  0x000001e2141302d0 JavaThread "Unconstrained build operations Thread 191"        [_thread_blocked, id=31476, stack(0x0000008eff700000,0x0000008eff800000) (1024K)]
  0x000001e214133de0 JavaThread "Unconstrained build operations Thread 192"        [_thread_blocked, id=33280, stack(0x0000008eff800000,0x0000008eff900000) (1024K)]
  0x000001e214130960 JavaThread "Unconstrained build operations Thread 193"        [_thread_blocked, id=33260, stack(0x0000008eff900000,0x0000008effa00000) (1024K)]
  0x000001e214130ff0 JavaThread "Unconstrained build operations Thread 194"        [_thread_blocked, id=33124, stack(0x0000008effa00000,0x0000008effb00000) (1024K)]
  0x000001e214135190 JavaThread "Unconstrained build operations Thread 195"        [_thread_blocked, id=33272, stack(0x0000008effb00000,0x0000008effc00000) (1024K)]
  0x000001e214134470 JavaThread "Unconstrained build operations Thread 196"        [_thread_blocked, id=33128, stack(0x0000008effc00000,0x0000008effd00000) (1024K)]
  0x000001e214134b00 JavaThread "Unconstrained build operations Thread 197"        [_thread_blocked, id=33188, stack(0x0000008effd00000,0x0000008effe00000) (1024K)]
  0x000001e214131d10 JavaThread "Unconstrained build operations Thread 198"        [_thread_blocked, id=33516, stack(0x0000008effe00000,0x0000008efff00000) (1024K)]
  0x000001e214137f80 JavaThread "Unconstrained build operations Thread 199"        [_thread_blocked, id=33520, stack(0x0000008efff00000,0x0000008f00000000) (1024K)]
  0x000001e214136bd0 JavaThread "Unconstrained build operations Thread 200"        [_thread_blocked, id=33764, stack(0x0000008e80000000,0x0000008e80100000) (1024K)]
Total: 259

Other Threads:
=>0x000001e27d36eab0 VMThread "VM Thread"                           [id=31784, stack(0x0000008eeea00000,0x0000008eeeb00000) (1024K)]
  0x000001e27d363c20 WatcherThread "VM Periodic Task Thread"        [id=32760, stack(0x0000008eee900000,0x0000008eeea00000) (1024K)]
  0x000001e2572eb8e0 WorkerThread "GC Thread#0"                     [id=32372, stack(0x0000008eee400000,0x0000008eee500000) (1024K)]
  0x000001e20d3339f0 WorkerThread "GC Thread#1"                     [id=31800, stack(0x0000008eef600000,0x0000008eef700000) (1024K)]
  0x000001e20d333da0 WorkerThread "GC Thread#2"                     [id=31776, stack(0x0000008eef700000,0x0000008eef800000) (1024K)]
  0x000001e20d334150 WorkerThread "GC Thread#3"                     [id=31796, stack(0x0000008eef800000,0x0000008eef900000) (1024K)]
  0x000001e20d334500 WorkerThread "GC Thread#4"                     [id=31772, stack(0x0000008eef900000,0x0000008eefa00000) (1024K)]
  0x000001e20d2f9d70 WorkerThread "GC Thread#5"                     [id=29396, stack(0x0000008eefa00000,0x0000008eefb00000) (1024K)]
  0x000001e20e700cc0 WorkerThread "GC Thread#6"                     [id=25268, stack(0x0000008ef0800000,0x0000008ef0900000) (1024K)]
  0x000001e20f7c2ee0 WorkerThread "GC Thread#7"                     [id=31996, stack(0x0000008ef0900000,0x0000008ef0a00000) (1024K)]
  0x000001e20e77b060 WorkerThread "GC Thread#8"                     [id=31164, stack(0x0000008ef0a00000,0x0000008ef0b00000) (1024K)]
  0x000001e20e77c020 WorkerThread "GC Thread#9"                     [id=15332, stack(0x0000008ef0b00000,0x0000008ef0c00000) (1024K)]
  0x000001e20ef8ecf0 WorkerThread "GC Thread#10"                    [id=32492, stack(0x0000008ef0c00000,0x0000008ef0d00000) (1024K)]
  0x000001e20ed8f7f0 WorkerThread "GC Thread#11"                    [id=29384, stack(0x0000008ef0d00000,0x0000008ef0e00000) (1024K)]
  0x000001e20ed8de20 WorkerThread "GC Thread#12"                    [id=24916, stack(0x0000008ef0e00000,0x0000008ef0f00000) (1024K)]
  0x000001e20ed8ece0 WorkerThread "GC Thread#13"                    [id=29132, stack(0x0000008ef0f00000,0x0000008ef1000000) (1024K)]
  0x000001e20ed8e580 WorkerThread "GC Thread#14"                    [id=32004, stack(0x0000008ef1000000,0x0000008ef1100000) (1024K)]
  0x000001e2572fc7e0 ConcurrentGCThread "G1 Main Marker"            [id=14168, stack(0x0000008eee500000,0x0000008eee600000) (1024K)]
  0x000001e2572fe4e0 WorkerThread "G1 Conc#0"                       [id=32584, stack(0x0000008eee600000,0x0000008eee700000) (1024K)]
  0x000001e20ed8f440 WorkerThread "G1 Conc#1"                       [id=32532, stack(0x0000008ef1100000,0x0000008ef1200000) (1024K)]
  0x000001e20ed8e930 WorkerThread "G1 Conc#2"                       [id=29816, stack(0x0000008ef1200000,0x0000008ef1300000) (1024K)]
  0x000001e20ed8f090 WorkerThread "G1 Conc#3"                       [id=32560, stack(0x0000008ef1300000,0x0000008ef1400000) (1024K)]
  0x000001e27d234950 ConcurrentGCThread "G1 Refine#0"               [id=2620, stack(0x0000008eee700000,0x0000008eee800000) (1024K)]
  0x000001e27d2353e0 ConcurrentGCThread "G1 Service"                [id=32272, stack(0x0000008eee800000,0x0000008eee900000) (1024K)]
Total: 24

Threads with active compile tasks:
C2 CompilerThread0  21562 15441       4       org.gradle.internal.snapshot.impl.DirectorySnapshotter$PathVisitor::visitResolvedFile (44 bytes)
Total: 1

VM state: at safepoint (normal execution)

VM Mutex/Monitor currently owned by a thread:  ([mutex/lock_event])
[0x00007fffc0da86d0] Threads_lock - owner thread: 0x000001e27d36eab0
[0x00007fffc0da87d0] Heap_lock - owner thread: 0x000001e212908280

Heap address: 0x0000000600000000, size: 8192 MB, Compressed Oops mode: Zero based, Oop shift amount: 3

CDS archive(s) not mapped
Compressed class space mapped at: 0x0000000800000000-0x0000000840000000, reserved size: 1073741824
Narrow klass base: 0x0000000800000000, Narrow klass shift: 0, Narrow klass range: 0x40000000

GC Precious Log:
 CardTable entry size: 512
 Card Set container configuration: InlinePtr #cards 4 size 8 Array Of Cards #cards 32 size 80 Howl #buckets 8 coarsen threshold 7372 Howl Bitmap #cards 1024 size 144 coarsen threshold 921 Card regions per heap region 1 cards per card region 8192
 CPUs: 20 total, 20 available
 Memory: 16091M
 Large Page Support: Disabled
 NUMA Support: Disabled
 Compressed Oops: Enabled (Zero based)
 Heap Region Size: 4M
 Heap Min Capacity: 8M
 Heap Initial Capacity: 252M
 Heap Max Capacity: 8G
 Pre-touch: Disabled
 Parallel Workers: 15
 Concurrent Workers: 4
 Concurrent Refinement Workers: 15
 Periodic GC: Disabled

Heap:
 garbage-first heap   total 536576K, used 141654K [0x0000000600000000, 0x0000000800000000)
  region size 4096K, 5 young (20480K), 5 survivors (20480K)
 Metaspace       used 125095K, committed 127296K, reserved 1179648K
  class space    used 17724K, committed 18816K, reserved 1048576K

Heap Regions: E=young(eden), S=young(survivor), O=old, HS=humongous(starts), HC=humongous(continues), CS=collection set, F=free, TAMS=top-at-mark-start, PB=parsable bottom
|   0|0x0000000600000000, 0x0000000600400000, 0x0000000600400000|100%|HS|  |TAMS 0x0000000600000000| PB 0x0000000600000000| Complete 
|   1|0x0000000600400000, 0x0000000600800000, 0x0000000600800000|100%| O|  |TAMS 0x0000000600400000| PB 0x0000000600400000| Untracked 
|   2|0x0000000600800000, 0x0000000600c00000, 0x0000000600c00000|100%| O|  |TAMS 0x0000000600800000| PB 0x0000000600800000| Untracked 
|   3|0x0000000600c00000, 0x0000000601000000, 0x0000000601000000|100%| O|  |TAMS 0x0000000600c00000| PB 0x0000000600c00000| Untracked 
|   4|0x0000000601000000, 0x0000000601400000, 0x0000000601400000|100%| O|  |TAMS 0x0000000601000000| PB 0x0000000601000000| Untracked 
|   5|0x0000000601400000, 0x0000000601800000, 0x0000000601800000|100%| O|  |TAMS 0x0000000601400000| PB 0x0000000601400000| Untracked 
|   6|0x0000000601800000, 0x0000000601c00000, 0x0000000601c00000|100%| O|  |TAMS 0x0000000601800000| PB 0x0000000601800000| Untracked 
|   7|0x0000000601c00000, 0x0000000602000000, 0x0000000602000000|100%| O|  |TAMS 0x0000000601c00000| PB 0x0000000601c00000| Untracked 
|   8|0x0000000602000000, 0x0000000602400000, 0x0000000602400000|100%| O|  |TAMS 0x0000000602000000| PB 0x0000000602000000| Untracked 
|   9|0x0000000602400000, 0x0000000602800000, 0x0000000602800000|100%| O|  |TAMS 0x0000000602400000| PB 0x0000000602400000| Untracked 
|  10|0x0000000602800000, 0x0000000602c00000, 0x0000000602c00000|100%| O|  |TAMS 0x0000000602800000| PB 0x0000000602800000| Untracked 
|  11|0x0000000602c00000, 0x0000000603000000, 0x0000000603000000|100%| O|  |TAMS 0x0000000602c00000| PB 0x0000000602c00000| Untracked 
|  12|0x0000000603000000, 0x0000000603400000, 0x0000000603400000|100%| O|  |TAMS 0x0000000603000000| PB 0x0000000603000000| Untracked 
|  13|0x0000000603400000, 0x0000000603800000, 0x0000000603800000|100%| O|  |TAMS 0x0000000603400000| PB 0x0000000603400000| Untracked 
|  14|0x0000000603800000, 0x0000000603c00000, 0x0000000603c00000|100%| O|  |TAMS 0x0000000603800000| PB 0x0000000603800000| Untracked 
|  15|0x0000000603c00000, 0x0000000604000000, 0x0000000604000000|100%| O|  |TAMS 0x0000000603c00000| PB 0x0000000603c00000| Untracked 
|  16|0x0000000604000000, 0x0000000604400000, 0x0000000604400000|100%| O|  |TAMS 0x0000000604000000| PB 0x0000000604000000| Untracked 
|  17|0x0000000604400000, 0x0000000604800000, 0x0000000604800000|100%| O|  |TAMS 0x0000000604400000| PB 0x0000000604400000| Untracked 
|  18|0x0000000604800000, 0x0000000604c00000, 0x0000000604c00000|100%| O|  |TAMS 0x0000000604800000| PB 0x0000000604800000| Untracked 
|  19|0x0000000604c00000, 0x0000000605000000, 0x0000000605000000|100%| O|  |TAMS 0x0000000604c00000| PB 0x0000000604c00000| Untracked 
|  20|0x0000000605000000, 0x0000000605400000, 0x0000000605400000|100%| O|  |TAMS 0x0000000605000000| PB 0x0000000605000000| Untracked 
|  21|0x0000000605400000, 0x0000000605800000, 0x0000000605800000|100%| O|  |TAMS 0x0000000605400000| PB 0x0000000605400000| Untracked 
|  22|0x0000000605800000, 0x0000000605c00000, 0x0000000605c00000|100%| O|  |TAMS 0x0000000605800000| PB 0x0000000605800000| Untracked 
|  23|0x0000000605c00000, 0x0000000606000000, 0x0000000606000000|100%| O|  |TAMS 0x0000000605c00000| PB 0x0000000605c00000| Untracked 
|  24|0x0000000606000000, 0x0000000606400000, 0x0000000606400000|100%| O|  |TAMS 0x0000000606000000| PB 0x0000000606000000| Untracked 
|  25|0x0000000606400000, 0x0000000606800000, 0x0000000606800000|100%| O|  |TAMS 0x0000000606400000| PB 0x0000000606400000| Untracked 
|  26|0x0000000606800000, 0x0000000606b0a590, 0x0000000606c00000| 76%| O|  |TAMS 0x0000000606800000| PB 0x0000000606800000| Untracked 
|  27|0x0000000606c00000, 0x0000000606c00000, 0x0000000607000000|  0%| F|  |TAMS 0x0000000606c00000| PB 0x0000000606c00000| Untracked 
|  28|0x0000000607000000, 0x0000000607000000, 0x0000000607400000|  0%| F|  |TAMS 0x0000000607000000| PB 0x0000000607000000| Untracked 
|  29|0x0000000607400000, 0x0000000607400000, 0x0000000607800000|  0%| F|  |TAMS 0x0000000607400000| PB 0x0000000607400000| Untracked 
|  30|0x0000000607800000, 0x0000000607800000, 0x0000000607c00000|  0%| F|  |TAMS 0x0000000607800000| PB 0x0000000607800000| Untracked 
|  31|0x0000000607c00000, 0x0000000607c00000, 0x0000000608000000|  0%| F|  |TAMS 0x0000000607c00000| PB 0x0000000607c00000| Untracked 
|  32|0x0000000608000000, 0x0000000608000000, 0x0000000608400000|  0%| F|  |TAMS 0x0000000608000000| PB 0x0000000608000000| Untracked 
|  33|0x0000000608400000, 0x0000000608400000, 0x0000000608800000|  0%| F|  |TAMS 0x0000000608400000| PB 0x0000000608400000| Untracked 
|  34|0x0000000608800000, 0x0000000608800000, 0x0000000608c00000|  0%| F|  |TAMS 0x0000000608800000| PB 0x0000000608800000| Untracked 
|  35|0x0000000608c00000, 0x0000000608c00000, 0x0000000609000000|  0%| F|  |TAMS 0x0000000608c00000| PB 0x0000000608c00000| Untracked 
|  36|0x0000000609000000, 0x0000000609000000, 0x0000000609400000|  0%| F|  |TAMS 0x0000000609000000| PB 0x0000000609000000| Untracked 
|  37|0x0000000609400000, 0x0000000609400000, 0x0000000609800000|  0%| F|  |TAMS 0x0000000609400000| PB 0x0000000609400000| Untracked 
|  38|0x0000000609800000, 0x0000000609800000, 0x0000000609c00000|  0%| F|  |TAMS 0x0000000609800000| PB 0x0000000609800000| Untracked 
|  39|0x0000000609c00000, 0x0000000609c00000, 0x000000060a000000|  0%| F|  |TAMS 0x0000000609c00000| PB 0x0000000609c00000| Untracked 
|  40|0x000000060a000000, 0x000000060a000000, 0x000000060a400000|  0%| F|  |TAMS 0x000000060a000000| PB 0x000000060a000000| Untracked 
|  41|0x000000060a400000, 0x000000060a400000, 0x000000060a800000|  0%| F|  |TAMS 0x000000060a400000| PB 0x000000060a400000| Untracked 
|  42|0x000000060a800000, 0x000000060a800000, 0x000000060ac00000|  0%| F|  |TAMS 0x000000060a800000| PB 0x000000060a800000| Untracked 
|  43|0x000000060ac00000, 0x000000060ac00000, 0x000000060b000000|  0%| F|  |TAMS 0x000000060ac00000| PB 0x000000060ac00000| Untracked 
|  44|0x000000060b000000, 0x000000060b000000, 0x000000060b400000|  0%| F|  |TAMS 0x000000060b000000| PB 0x000000060b000000| Untracked 
|  45|0x000000060b400000, 0x000000060b74b540, 0x000000060b800000| 82%| S|CS|TAMS 0x000000060b400000| PB 0x000000060b400000| Complete 
|  46|0x000000060b800000, 0x000000060bc00000, 0x000000060bc00000|100%| S|CS|TAMS 0x000000060b800000| PB 0x000000060b800000| Complete 
|  47|0x000000060bc00000, 0x000000060c000000, 0x000000060c000000|100%| S|CS|TAMS 0x000000060bc00000| PB 0x000000060bc00000| Complete 
|  48|0x000000060c000000, 0x000000060c400000, 0x000000060c400000|100%| S|CS|TAMS 0x000000060c000000| PB 0x000000060c000000| Complete 
|  49|0x000000060c400000, 0x000000060c800000, 0x000000060c800000|100%| S|CS|TAMS 0x000000060c400000| PB 0x000000060c400000| Complete 
|  50|0x000000060c800000, 0x000000060c800000, 0x000000060cc00000|  0%| F|  |TAMS 0x000000060c800000| PB 0x000000060c800000| Untracked 
|  51|0x000000060cc00000, 0x000000060cc00000, 0x000000060d000000|  0%| F|  |TAMS 0x000000060cc00000| PB 0x000000060cc00000| Untracked 
|  52|0x000000060d000000, 0x000000060d000000, 0x000000060d400000|  0%| F|  |TAMS 0x000000060d000000| PB 0x000000060d000000| Untracked 
|  53|0x000000060d400000, 0x000000060d400000, 0x000000060d800000|  0%| F|  |TAMS 0x000000060d400000| PB 0x000000060d400000| Untracked 
|  54|0x000000060d800000, 0x000000060d800000, 0x000000060dc00000|  0%| F|  |TAMS 0x000000060d800000| PB 0x000000060d800000| Untracked 
|  55|0x000000060dc00000, 0x000000060dc00000, 0x000000060e000000|  0%| F|  |TAMS 0x000000060dc00000| PB 0x000000060dc00000| Untracked 
|  56|0x000000060e000000, 0x000000060e000000, 0x000000060e400000|  0%| F|  |TAMS 0x000000060e000000| PB 0x000000060e000000| Untracked 
|  57|0x000000060e400000, 0x000000060e400000, 0x000000060e800000|  0%| F|  |TAMS 0x000000060e400000| PB 0x000000060e400000| Untracked 
|  58|0x000000060e800000, 0x000000060e800000, 0x000000060ec00000|  0%| F|  |TAMS 0x000000060e800000| PB 0x000000060e800000| Untracked 
|  59|0x000000060ec00000, 0x000000060ec00000, 0x000000060f000000|  0%| F|  |TAMS 0x000000060ec00000| PB 0x000000060ec00000| Untracked 
|  60|0x000000060f000000, 0x000000060f000000, 0x000000060f400000|  0%| F|  |TAMS 0x000000060f000000| PB 0x000000060f000000| Untracked 
|  61|0x000000060f400000, 0x000000060f400000, 0x000000060f800000|  0%| F|  |TAMS 0x000000060f400000| PB 0x000000060f400000| Untracked 
|  62|0x000000060f800000, 0x000000060f800000, 0x000000060fc00000|  0%| F|  |TAMS 0x000000060f800000| PB 0x000000060f800000| Untracked 
|  63|0x000000060fc00000, 0x000000060fc00000, 0x0000000610000000|  0%| F|  |TAMS 0x000000060fc00000| PB 0x000000060fc00000| Untracked 
|  64|0x0000000610000000, 0x0000000610000000, 0x0000000610400000|  0%| F|  |TAMS 0x0000000610000000| PB 0x0000000610000000| Untracked 
|  65|0x0000000610400000, 0x0000000610400000, 0x0000000610800000|  0%| F|  |TAMS 0x0000000610400000| PB 0x0000000610400000| Untracked 
|  66|0x0000000610800000, 0x0000000610800000, 0x0000000610c00000|  0%| F|  |TAMS 0x0000000610800000| PB 0x0000000610800000| Untracked 
|  67|0x0000000610c00000, 0x0000000610c00000, 0x0000000611000000|  0%| F|  |TAMS 0x0000000610c00000| PB 0x0000000610c00000| Untracked 
|  68|0x0000000611000000, 0x0000000611000000, 0x0000000611400000|  0%| F|  |TAMS 0x0000000611000000| PB 0x0000000611000000| Untracked 
|  69|0x0000000611400000, 0x0000000611400000, 0x0000000611800000|  0%| F|  |TAMS 0x0000000611400000| PB 0x0000000611400000| Untracked 
|  70|0x0000000611800000, 0x0000000611800000, 0x0000000611c00000|  0%| F|  |TAMS 0x0000000611800000| PB 0x0000000611800000| Untracked 
|  71|0x0000000611c00000, 0x0000000611c00000, 0x0000000612000000|  0%| F|  |TAMS 0x0000000611c00000| PB 0x0000000611c00000| Untracked 
|  72|0x0000000612000000, 0x0000000612000000, 0x0000000612400000|  0%| F|  |TAMS 0x0000000612000000| PB 0x0000000612000000| Untracked 
|  73|0x0000000612400000, 0x0000000612400000, 0x0000000612800000|  0%| F|  |TAMS 0x0000000612400000| PB 0x0000000612400000| Untracked 
|  74|0x0000000612800000, 0x0000000612800000, 0x0000000612c00000|  0%| F|  |TAMS 0x0000000612800000| PB 0x0000000612800000| Untracked 
|  75|0x0000000612c00000, 0x0000000612c00000, 0x0000000613000000|  0%| F|  |TAMS 0x0000000612c00000| PB 0x0000000612c00000| Untracked 
|  76|0x0000000613000000, 0x0000000613000000, 0x0000000613400000|  0%| F|  |TAMS 0x0000000613000000| PB 0x0000000613000000| Untracked 
|  77|0x0000000613400000, 0x0000000613400000, 0x0000000613800000|  0%| F|  |TAMS 0x0000000613400000| PB 0x0000000613400000| Untracked 
|  78|0x0000000613800000, 0x0000000613800000, 0x0000000613c00000|  0%| F|  |TAMS 0x0000000613800000| PB 0x0000000613800000| Untracked 
|  79|0x0000000613c00000, 0x0000000613c00000, 0x0000000614000000|  0%| F|  |TAMS 0x0000000613c00000| PB 0x0000000613c00000| Untracked 
|  80|0x0000000614000000, 0x0000000614000000, 0x0000000614400000|  0%| F|  |TAMS 0x0000000614000000| PB 0x0000000614000000| Untracked 
|  81|0x0000000614400000, 0x0000000614400000, 0x0000000614800000|  0%| F|  |TAMS 0x0000000614400000| PB 0x0000000614400000| Untracked 
|  82|0x0000000614800000, 0x0000000614800000, 0x0000000614c00000|  0%| F|  |TAMS 0x0000000614800000| PB 0x0000000614800000| Untracked 
|  83|0x0000000614c00000, 0x0000000614c00000, 0x0000000615000000|  0%| F|  |TAMS 0x0000000614c00000| PB 0x0000000614c00000| Untracked 
|  84|0x0000000615000000, 0x0000000615000000, 0x0000000615400000|  0%| F|  |TAMS 0x0000000615000000| PB 0x0000000615000000| Untracked 
|  85|0x0000000615400000, 0x0000000615400000, 0x0000000615800000|  0%| F|  |TAMS 0x0000000615400000| PB 0x0000000615400000| Untracked 
|  86|0x0000000615800000, 0x0000000615800000, 0x0000000615c00000|  0%| F|  |TAMS 0x0000000615800000| PB 0x0000000615800000| Untracked 
|  87|0x0000000615c00000, 0x0000000615c00000, 0x0000000616000000|  0%| F|  |TAMS 0x0000000615c00000| PB 0x0000000615c00000| Untracked 
|  88|0x0000000616000000, 0x0000000616000000, 0x0000000616400000|  0%| F|  |TAMS 0x0000000616000000| PB 0x0000000616000000| Untracked 
|  89|0x0000000616400000, 0x0000000616400000, 0x0000000616800000|  0%| F|  |TAMS 0x0000000616400000| PB 0x0000000616400000| Untracked 
|  90|0x0000000616800000, 0x0000000616800000, 0x0000000616c00000|  0%| F|  |TAMS 0x0000000616800000| PB 0x0000000616800000| Untracked 
|  91|0x0000000616c00000, 0x0000000616c00000, 0x0000000617000000|  0%| F|  |TAMS 0x0000000616c00000| PB 0x0000000616c00000| Untracked 
|  92|0x0000000617000000, 0x0000000617000000, 0x0000000617400000|  0%| F|  |TAMS 0x0000000617000000| PB 0x0000000617000000| Untracked 
|  93|0x0000000617400000, 0x0000000617400000, 0x0000000617800000|  0%| F|  |TAMS 0x0000000617400000| PB 0x0000000617400000| Untracked 
|  94|0x0000000617800000, 0x0000000617800000, 0x0000000617c00000|  0%| F|  |TAMS 0x0000000617800000| PB 0x0000000617800000| Untracked 
|  95|0x0000000617c00000, 0x0000000617c00000, 0x0000000618000000|  0%| F|  |TAMS 0x0000000617c00000| PB 0x0000000617c00000| Untracked 
|  96|0x0000000618000000, 0x0000000618000000, 0x0000000618400000|  0%| F|  |TAMS 0x0000000618000000| PB 0x0000000618000000| Untracked 
|  97|0x0000000618400000, 0x0000000618400000, 0x0000000618800000|  0%| F|  |TAMS 0x0000000618400000| PB 0x0000000618400000| Untracked 
|  98|0x0000000618800000, 0x0000000618800000, 0x0000000618c00000|  0%| F|  |TAMS 0x0000000618800000| PB 0x0000000618800000| Untracked 
|  99|0x0000000618c00000, 0x0000000618c00000, 0x0000000619000000|  0%| F|  |TAMS 0x0000000618c00000| PB 0x0000000618c00000| Untracked 
| 100|0x0000000619000000, 0x0000000619000000, 0x0000000619400000|  0%| F|  |TAMS 0x0000000619000000| PB 0x0000000619000000| Untracked 
| 101|0x0000000619400000, 0x0000000619400000, 0x0000000619800000|  0%| F|  |TAMS 0x0000000619400000| PB 0x0000000619400000| Untracked 
| 102|0x0000000619800000, 0x0000000619800000, 0x0000000619c00000|  0%| F|  |TAMS 0x0000000619800000| PB 0x0000000619800000| Untracked 
| 103|0x0000000619c00000, 0x0000000619c00000, 0x000000061a000000|  0%| F|  |TAMS 0x0000000619c00000| PB 0x0000000619c00000| Untracked 
| 104|0x000000061a000000, 0x000000061a000000, 0x000000061a400000|  0%| F|  |TAMS 0x000000061a000000| PB 0x000000061a000000| Untracked 
| 105|0x000000061a400000, 0x000000061a400000, 0x000000061a800000|  0%| F|  |TAMS 0x000000061a400000| PB 0x000000061a400000| Untracked 
| 106|0x000000061a800000, 0x000000061a800000, 0x000000061ac00000|  0%| F|  |TAMS 0x000000061a800000| PB 0x000000061a800000| Untracked 
| 107|0x000000061ac00000, 0x000000061ac00000, 0x000000061b000000|  0%| F|  |TAMS 0x000000061ac00000| PB 0x000000061ac00000| Untracked 
| 108|0x000000061b000000, 0x000000061b000000, 0x000000061b400000|  0%| F|  |TAMS 0x000000061b000000| PB 0x000000061b000000| Untracked 
| 109|0x000000061b400000, 0x000000061b400000, 0x000000061b800000|  0%| F|  |TAMS 0x000000061b400000| PB 0x000000061b400000| Untracked 
| 110|0x000000061b800000, 0x000000061b800000, 0x000000061bc00000|  0%| F|  |TAMS 0x000000061b800000| PB 0x000000061b800000| Untracked 
| 111|0x000000061bc00000, 0x000000061bc00000, 0x000000061c000000|  0%| F|  |TAMS 0x000000061bc00000| PB 0x000000061bc00000| Untracked 
| 112|0x000000061c000000, 0x000000061c000000, 0x000000061c400000|  0%| F|  |TAMS 0x000000061c000000| PB 0x000000061c000000| Untracked 
| 113|0x000000061c400000, 0x000000061c400000, 0x000000061c800000|  0%| F|  |TAMS 0x000000061c400000| PB 0x000000061c400000| Untracked 
| 114|0x000000061c800000, 0x000000061c800000, 0x000000061cc00000|  0%| F|  |TAMS 0x000000061c800000| PB 0x000000061c800000| Untracked 
| 115|0x000000061cc00000, 0x000000061cc00000, 0x000000061d000000|  0%| F|  |TAMS 0x000000061cc00000| PB 0x000000061cc00000| Untracked 
| 116|0x000000061d000000, 0x000000061d000000, 0x000000061d400000|  0%| F|  |TAMS 0x000000061d000000| PB 0x000000061d000000| Untracked 
| 117|0x000000061d400000, 0x000000061d400000, 0x000000061d800000|  0%| F|  |TAMS 0x000000061d400000| PB 0x000000061d400000| Untracked 
| 118|0x000000061d800000, 0x000000061d800000, 0x000000061dc00000|  0%| F|  |TAMS 0x000000061d800000| PB 0x000000061d800000| Untracked 
| 119|0x000000061dc00000, 0x000000061dc00000, 0x000000061e000000|  0%| F|  |TAMS 0x000000061dc00000| PB 0x000000061dc00000| Untracked 
| 120|0x000000061e000000, 0x000000061e000000, 0x000000061e400000|  0%| F|  |TAMS 0x000000061e000000| PB 0x000000061e000000| Untracked 
| 121|0x000000061e400000, 0x000000061e400000, 0x000000061e800000|  0%| F|  |TAMS 0x000000061e400000| PB 0x000000061e400000| Untracked 
| 122|0x000000061e800000, 0x000000061e800000, 0x000000061ec00000|  0%| F|  |TAMS 0x000000061e800000| PB 0x000000061e800000| Untracked 
| 123|0x000000061ec00000, 0x000000061ec00000, 0x000000061f000000|  0%| F|  |TAMS 0x000000061ec00000| PB 0x000000061ec00000| Untracked 
| 124|0x000000061f000000, 0x000000061f000000, 0x000000061f400000|  0%| F|  |TAMS 0x000000061f000000| PB 0x000000061f000000| Untracked 
| 125|0x000000061f400000, 0x000000061f400000, 0x000000061f800000|  0%| F|  |TAMS 0x000000061f400000| PB 0x000000061f400000| Untracked 
| 126|0x000000061f800000, 0x000000061f800000, 0x000000061fc00000|  0%| F|  |TAMS 0x000000061f800000| PB 0x000000061f800000| Untracked 
| 127|0x000000061fc00000, 0x000000061fc00000, 0x0000000620000000|  0%| F|  |TAMS 0x000000061fc00000| PB 0x000000061fc00000| Untracked 
|2045|0x00000007ff400000, 0x00000007ff800000, 0x00000007ff800000|100%| O|  |TAMS 0x00000007ff400000| PB 0x00000007ff400000| Untracked 
|2046|0x00000007ff800000, 0x00000007ffc00000, 0x00000007ffc00000|100%| O|  |TAMS 0x00000007ff800000| PB 0x00000007ff800000| Untracked 
|2047|0x00000007ffc00000, 0x0000000800000000, 0x0000000800000000|100%| O|  |TAMS 0x00000007ffc00000| PB 0x00000007ffc00000| Untracked 

Card table byte_map: [0x000001e27c060000,0x000001e27d060000] _byte_map_base: 0x000001e279060000

Marking Bits: (CMBitMap*) 0x000001e2572ebf00
 Bits: [0x000001e200000000, 0x000001e208000000)

Polling page: 0x000001e255020000

Metaspace:

Usage:
  Non-class:    104.85 MB used.
      Class:     17.31 MB used.
       Both:    122.16 MB used.

Virtual space:
  Non-class space:      128.00 MB reserved,     105.94 MB ( 83%) committed,  2 nodes.
      Class space:        1.00 GB reserved,      18.38 MB (  2%) committed,  1 nodes.
             Both:        1.12 GB reserved,     124.31 MB ( 11%) committed. 

Chunk freelists:
   Non-Class:  5.16 MB
       Class:  13.65 MB
        Both:  18.81 MB

MaxMetaspaceSize: 4.00 GB
CompressedClassSpaceSize: 1.00 GB
Initial GC threshold: 21.00 MB
Current GC threshold: 204.38 MB
CDS: off
 - commit_granule_bytes: 65536.
 - commit_granule_words: 8192.
 - virtual_space_node_default_size: 8388608.
 - enlarge_chunks_in_place: 1.
 - use_allocation_guard: 0.


Internal statistics:

num_allocs_failed_limit: 9.
num_arena_births: 4338.
num_arena_deaths: 0.
num_vsnodes_births: 3.
num_vsnodes_deaths: 0.
num_space_committed: 1989.
num_space_uncommitted: 0.
num_chunks_returned_to_freelist: 9.
num_chunks_taken_from_freelist: 9637.
num_chunk_merges: 6.
num_chunk_splits: 6345.
num_chunks_enlarged: 4049.
num_inconsistent_stats: 0.

CodeHeap 'non-profiled nmethods': size=258432Kb used=8264Kb max_used=8264Kb free=250167Kb
 bounds [0x000001e26a740000, 0x000001e26af60000, 0x000001e27a3a0000]
CodeHeap 'profiled nmethods': size=258368Kb used=27988Kb max_used=27988Kb free=230379Kb
 bounds [0x000001e25a3a0000, 0x000001e25bf00000, 0x000001e269ff0000]
CodeHeap 'non-nmethods': size=7488Kb used=3196Kb max_used=3639Kb free=4292Kb
 bounds [0x000001e269ff0000, 0x000001e26a390000, 0x000001e26a740000]
CodeCache: size=524288Kb, used=39448Kb, max_used=39891Kb, free=484838Kb
 total_blobs=14639, nmethods=13706, adapters=834, full_count=0
Compilation: enabled, stopped_count=0, restarted_count=0

Compilation events (20 events):
Event: 21.418 Thread 0x000001e208698320 nmethod 15438 0x000001e26af45390 code [0x000001e26af45700, 0x000001e26af47de8]
Event: 21.418 Thread 0x000001e208698320 15436       4       org.gradle.api.internal.artifacts.transform.TransformWorkspaceIdentity::hashCode (8 bytes)
Event: 21.421 Thread 0x000001e208698320 nmethod 15436 0x000001e26af48f10 code [0x000001e26af490e0, 0x000001e26af49448]
Event: 21.421 Thread 0x000001e208698320 15439       4       com.google.common.collect.ImmutableMultimap$Builder::newValueCollectionBuilderWithExpectedSize (5 bytes)
Event: 21.431 Thread 0x000001e208698320 nmethod 15439 0x000001e26af49590 code [0x000001e26af49720, 0x000001e26af499e8]
Event: 21.431 Thread 0x000001e208698320 15444       4       com.google.common.collect.ImmutableListMultimap$Builder::put (9 bytes)
Event: 21.432 Thread 0x000001e208698320 nmethod 15444 0x000001e26af49b90 code [0x000001e26af49d20, 0x000001e26af49dd8]
Event: 21.432 Thread 0x000001e208698320 15437   !   4       org.gradle.api.internal.changedetection.state.GradleUserHomeScopeFileTimeStampInspector::timestampCanBeUsedToDetectFileChange (94 bytes)
Event: 21.432 Thread 0x000001e208698320 nmethod 15437 0x000001e26af49e90 code [0x000001e26af4a020, 0x000001e26af4a108]
Event: 21.432 Thread 0x000001e208698320 15440   !   4       org.gradle.internal.snapshot.impl.DirectorySnapshotter$PathVisitor::doVisitFile (194 bytes)
Event: 21.503 Thread 0x000001e208698320 nmethod 15440 0x000001e26af4a210 code [0x000001e26af4a860, 0x000001e26af4e458]
Event: 21.503 Thread 0x000001e208698320 15450       4       java.util.stream.StreamOpFlag::fromCharacteristics (37 bytes)
Event: 21.504 Thread 0x000001e208698320 nmethod 15450 0x000001e26af51110 code [0x000001e26af512c0, 0x000001e26af513c0]
Event: 21.504 Thread 0x000001e208698320 15446       4       org.gradle.internal.snapshot.VfsRelativePath::isEmpty (20 bytes)
Event: 21.505 Thread 0x000001e208698320 nmethod 15446 0x000001e26af51510 code [0x000001e26af516a0, 0x000001e26af51788]
Event: 21.505 Thread 0x000001e208698320 15449       4       java.util.ArrayDeque::addFirst (51 bytes)
Event: 21.507 Thread 0x000001e208698320 nmethod 15449 0x000001e26af51890 code [0x000001e26af51a40, 0x000001e26af51ca0]
Event: 21.507 Thread 0x000001e208698320 15442       4       org.gradle.internal.snapshot.impl.DirectorySnapshotterStatistics$CollectingFileVisitor::visitFile (10 bytes)
Event: 21.508 Thread 0x000001e208698320 nmethod 15442 0x000001e26af51e10 code [0x000001e26af51fc0, 0x000001e26af52100]
Event: 21.508 Thread 0x000001e208698320 15441       4       org.gradle.internal.snapshot.impl.DirectorySnapshotter$PathVisitor::visitResolvedFile (44 bytes)

GC Heap History (20 events):
Event: 19.231 GC heap after
{Heap after GC invocations=43 (full 0):
 garbage-first heap   total 229376K, used 115649K [0x0000000600000000, 0x0000000800000000)
  region size 4096K, 2 young (8192K), 2 survivors (8192K)
 Metaspace       used 123434K, committed 125568K, reserved 1179648K
  class space    used 17419K, committed 18496K, reserved 1048576K
}
Event: 19.301 GC heap before
{Heap before GC invocations=43 (full 0):
 garbage-first heap   total 229376K, used 205761K [0x0000000600000000, 0x0000000800000000)
  region size 4096K, 24 young (98304K), 2 survivors (8192K)
 Metaspace       used 123434K, committed 125568K, reserved 1179648K
  class space    used 17419K, committed 18496K, reserved 1048576K
}
Event: 19.304 GC heap after
{Heap after GC invocations=44 (full 0):
 garbage-first heap   total 430080K, used 115850K [0x0000000600000000, 0x0000000800000000)
  region size 4096K, 2 young (8192K), 2 survivors (8192K)
 Metaspace       used 123434K, committed 125568K, reserved 1179648K
  class space    used 17419K, committed 18496K, reserved 1048576K
}
Event: 19.471 GC heap before
{Heap before GC invocations=45 (full 0):
 garbage-first heap   total 430080K, used 361610K [0x0000000600000000, 0x0000000800000000)
  region size 4096K, 63 young (258048K), 2 survivors (8192K)
 Metaspace       used 123434K, committed 125568K, reserved 1179648K
  class space    used 17419K, committed 18496K, reserved 1048576K
}
Event: 19.475 GC heap after
{Heap after GC invocations=46 (full 0):
 garbage-first heap   total 430080K, used 117196K [0x0000000600000000, 0x0000000800000000)
  region size 4096K, 2 young (8192K), 2 survivors (8192K)
 Metaspace       used 123434K, committed 125568K, reserved 1179648K
  class space    used 17419K, committed 18496K, reserved 1048576K
}
Event: 19.972 GC heap before
{Heap before GC invocations=46 (full 0):
 garbage-first heap   total 430080K, used 367052K [0x0000000600000000, 0x0000000800000000)
  region size 4096K, 63 young (258048K), 2 survivors (8192K)
 Metaspace       used 124120K, committed 126336K, reserved 1179648K
  class space    used 17581K, committed 18688K, reserved 1048576K
}
Event: 19.976 GC heap after
{Heap after GC invocations=47 (full 0):
 garbage-first heap   total 430080K, used 123104K [0x0000000600000000, 0x0000000800000000)
  region size 4096K, 4 young (16384K), 4 survivors (16384K)
 Metaspace       used 124120K, committed 126336K, reserved 1179648K
  class space    used 17581K, committed 18688K, reserved 1048576K
}
Event: 20.447 GC heap before
{Heap before GC invocations=47 (full 0):
 garbage-first heap   total 430080K, used 364768K [0x0000000600000000, 0x0000000800000000)
  region size 4096K, 63 young (258048K), 4 survivors (16384K)
 Metaspace       used 124829K, committed 127104K, reserved 1179648K
  class space    used 17695K, committed 18816K, reserved 1048576K
}
Event: 20.453 GC heap after
{Heap after GC invocations=48 (full 0):
 garbage-first heap   total 430080K, used 127135K [0x0000000600000000, 0x0000000800000000)
  region size 4096K, 5 young (20480K), 5 survivors (20480K)
 Metaspace       used 124829K, committed 127104K, reserved 1179648K
  class space    used 17695K, committed 18816K, reserved 1048576K
}
Event: 20.540 GC heap before
{Heap before GC invocations=48 (full 0):
 garbage-first heap   total 430080K, used 360607K [0x0000000600000000, 0x0000000800000000)
  region size 4096K, 63 young (258048K), 5 survivors (20480K)
 Metaspace       used 124829K, committed 127104K, reserved 1179648K
  class space    used 17695K, committed 18816K, reserved 1048576K
}
Event: 20.544 GC heap after
{Heap after GC invocations=49 (full 0):
 garbage-first heap   total 430080K, used 129060K [0x0000000600000000, 0x0000000800000000)
  region size 4096K, 5 young (20480K), 5 survivors (20480K)
 Metaspace       used 124829K, committed 127104K, reserved 1179648K
  class space    used 17695K, committed 18816K, reserved 1048576K
}
Event: 20.629 GC heap before
{Heap before GC invocations=49 (full 0):
 garbage-first heap   total 430080K, used 366628K [0x0000000600000000, 0x0000000800000000)
  region size 4096K, 63 young (258048K), 5 survivors (20480K)
 Metaspace       used 124829K, committed 127104K, reserved 1179648K
  class space    used 17695K, committed 18816K, reserved 1048576K
}
Event: 20.634 GC heap after
{Heap after GC invocations=50 (full 0):
 garbage-first heap   total 536576K, used 129668K [0x0000000600000000, 0x0000000800000000)
  region size 4096K, 5 young (20480K), 5 survivors (20480K)
 Metaspace       used 124829K, committed 127104K, reserved 1179648K
  class space    used 17695K, committed 18816K, reserved 1048576K
}
Event: 20.746 GC heap before
{Heap before GC invocations=50 (full 0):
 garbage-first heap   total 536576K, used 428676K [0x0000000600000000, 0x0000000800000000)
  region size 4096K, 78 young (319488K), 5 survivors (20480K)
 Metaspace       used 124829K, committed 127104K, reserved 1179648K
  class space    used 17695K, committed 18816K, reserved 1048576K
}
Event: 20.751 GC heap after
{Heap after GC invocations=51 (full 0):
 garbage-first heap   total 536576K, used 129950K [0x0000000600000000, 0x0000000800000000)
  region size 4096K, 5 young (20480K), 5 survivors (20480K)
 Metaspace       used 124829K, committed 127104K, reserved 1179648K
  class space    used 17695K, committed 18816K, reserved 1048576K
}
Event: 21.242 GC heap before
{Heap before GC invocations=51 (full 0):
 garbage-first heap   total 536576K, used 424862K [0x0000000600000000, 0x0000000800000000)
  region size 4096K, 78 young (319488K), 5 survivors (20480K)
 Metaspace       used 125067K, committed 127232K, reserved 1179648K
  class space    used 17721K, committed 18816K, reserved 1048576K
}
Event: 21.249 GC heap after
{Heap after GC invocations=52 (full 0):
 garbage-first heap   total 536576K, used 140453K [0x0000000600000000, 0x0000000800000000)
  region size 4096K, 7 young (28672K), 7 survivors (28672K)
 Metaspace       used 125067K, committed 127232K, reserved 1179648K
  class space    used 17721K, committed 18816K, reserved 1048576K
}
Event: 21.422 GC heap before
{Heap before GC invocations=52 (full 0):
 garbage-first heap   total 536576K, used 431269K [0x0000000600000000, 0x0000000800000000)
  region size 4096K, 78 young (319488K), 7 survivors (28672K)
 Metaspace       used 125095K, committed 127296K, reserved 1179648K
  class space    used 17724K, committed 18816K, reserved 1048576K
}
Event: 21.429 GC heap after
{Heap after GC invocations=53 (full 0):
 garbage-first heap   total 536576K, used 141403K [0x0000000600000000, 0x0000000800000000)
  region size 4096K, 5 young (20480K), 5 survivors (20480K)
 Metaspace       used 125095K, committed 127296K, reserved 1179648K
  class space    used 17724K, committed 18816K, reserved 1048576K
}
Event: 21.526 GC heap before
{Heap before GC invocations=53 (full 0):
 garbage-first heap   total 536576K, used 440411K [0x0000000600000000, 0x0000000800000000)
  region size 4096K, 78 young (319488K), 5 survivors (20480K)
 Metaspace       used 125095K, committed 127296K, reserved 1179648K
  class space    used 17724K, committed 18816K, reserved 1048576K
}

Dll operation events (3 events):
Event: 0.083 Loaded shared library C:\Program Files\Android\Android Studio\jbr\bin\java.dll
Event: 0.089 Loaded shared library C:\Program Files\Android\Android Studio\jbr\bin\zip.dll
Event: 0.696 Loaded shared library C:\Program Files\Android\Android Studio\jbr\bin\verify.dll

Deoptimization events (20 events):
Event: 20.528 Thread 0x000001e20f1e7d40 DEOPT PACKING pc=0x000001e26aecf92c sp=0x0000008ef81fd770
Event: 20.528 Thread 0x000001e20f1e7d40 DEOPT UNPACKING pc=0x000001e26a044422 sp=0x0000008ef81fd618 mode 2
Event: 20.854 Thread 0x000001e20e1f51b0 Uncommon trap: trap_request=0xffffffc6 fr.pc=0x000001e26ab5b5ec relative=0x000000000000140c
Event: 20.854 Thread 0x000001e20e1f51b0 Uncommon trap: reason=bimorphic_or_optimized_type_check action=maybe_recompile pc=0x000001e26ab5b5ec method=java.util.concurrent.ConcurrentHashMap.putVal(Ljava/lang/Object;Ljava/lang/Object;Z)Ljava/lang/Object; @ 159 c2
Event: 20.854 Thread 0x000001e20e1f51b0 DEOPT PACKING pc=0x000001e26ab5b5ec sp=0x0000008ef04f7fe0
Event: 20.854 Thread 0x000001e20e1f51b0 DEOPT UNPACKING pc=0x000001e26a044422 sp=0x0000008ef04f7f90 mode 2
Event: 20.875 Thread 0x000001e20e1f51b0 DEOPT PACKING pc=0x000001e25a8dad06 sp=0x0000008ef04f87f0
Event: 20.875 Thread 0x000001e20e1f51b0 DEOPT UNPACKING pc=0x000001e26a044bc2 sp=0x0000008ef04f7cd8 mode 0
Event: 20.967 Thread 0x000001e20e1f51b0 Uncommon trap: trap_request=0xffffffd6 fr.pc=0x000001e26aebcec8 relative=0x0000000000000968
Event: 20.967 Thread 0x000001e20e1f51b0 Uncommon trap: reason=array_check action=maybe_recompile pc=0x000001e26aebcec8 method=java.util.TimSort.binarySort([Ljava/lang/Object;IIILjava/util/Comparator;)V @ 183 c2
Event: 20.967 Thread 0x000001e20e1f51b0 DEOPT PACKING pc=0x000001e26aebcec8 sp=0x0000008ef04f8b70
Event: 20.967 Thread 0x000001e20e1f51b0 DEOPT UNPACKING pc=0x000001e26a044422 sp=0x0000008ef04f8b08 mode 2
Event: 21.086 Thread 0x000001e20e1f51b0 DEOPT PACKING pc=0x000001e25a941135 sp=0x0000008ef04f8f30
Event: 21.086 Thread 0x000001e20e1f51b0 DEOPT UNPACKING pc=0x000001e26a044bc2 sp=0x0000008ef04f8518 mode 0
Event: 21.227 Thread 0x000001e20e1f51b0 DEOPT PACKING pc=0x000001e25b7f4358 sp=0x0000008ef04f8cb0
Event: 21.227 Thread 0x000001e20e1f51b0 DEOPT UNPACKING pc=0x000001e26a044bc2 sp=0x0000008ef04f81a8 mode 0
Event: 21.241 Thread 0x000001e20e1f51b0 Uncommon trap: trap_request=0xffffffd6 fr.pc=0x000001e26aebcec8 relative=0x0000000000000968
Event: 21.241 Thread 0x000001e20e1f51b0 Uncommon trap: reason=array_check action=maybe_recompile pc=0x000001e26aebcec8 method=java.util.TimSort.binarySort([Ljava/lang/Object;IIILjava/util/Comparator;)V @ 183 c2
Event: 21.241 Thread 0x000001e20e1f51b0 DEOPT PACKING pc=0x000001e26aebcec8 sp=0x0000008ef04f8f10
Event: 21.241 Thread 0x000001e20e1f51b0 DEOPT UNPACKING pc=0x000001e26a044422 sp=0x0000008ef04f8ea8 mode 2

Classes loaded (20 events):
Event: 17.155 Loading class org/xml/sax/SAXParseException
Event: 17.155 Loading class org/xml/sax/SAXParseException done
Event: 17.156 Loading class org/xml/sax/Attributes
Event: 17.156 Loading class org/xml/sax/Attributes done
Event: 17.156 Loading class org/xml/sax/Locator
Event: 17.157 Loading class org/xml/sax/Locator done
Event: 17.308 Loading class java/util/AbstractList$ListItr
Event: 17.308 Loading class java/util/AbstractList$ListItr done
Event: 18.281 Loading class java/io/FileReader
Event: 18.281 Loading class java/io/FileReader done
Event: 18.311 Loading class java/util/Currency
Event: 18.312 Loading class java/util/Currency done
Event: 18.338 Loading class jdk/internal/vm/annotation/ForceInline
Event: 18.338 Loading class jdk/internal/vm/annotation/ForceInline done
Event: 18.366 Loading class sun/reflect/generics/repository/FieldRepository
Event: 18.367 Loading class sun/reflect/generics/repository/FieldRepository done
Event: 20.248 Loading class java/util/Collections$ReverseComparator
Event: 20.248 Loading class java/util/Collections$ReverseComparator done
Event: 20.248 Loading class java/util/Collections$ReverseComparator2
Event: 20.248 Loading class java/util/Collections$ReverseComparator2 done

Classes unloaded (0 events):
No events

Classes redefined (0 events):
No events

Internal exceptions (20 events):
Event: 21.507 Thread 0x000001e2129140d0 Exception <a 'sun/nio/fs/WindowsException'{0x0000000610e41820}> (0x0000000610e41820) 
thrown [s\src\hotspot\share\prims\jni.cpp, line 537]
Event: 21.508 Thread 0x000001e2129112e0 Exception <a 'sun/nio/fs/WindowsException'{0x000000061084c2c0}> (0x000000061084c2c0) 
thrown [s\src\hotspot\share\prims\jni.cpp, line 537]
Event: 21.510 Thread 0x000001e212907bf0 Exception <a 'sun/nio/fs/WindowsException'{0x0000000610400a60}> (0x0000000610400a60) 
thrown [s\src\hotspot\share\prims\jni.cpp, line 537]
Event: 21.510 Thread 0x000001e212908fa0 Exception <a 'sun/nio/fs/WindowsException'{0x0000000610a3a0d8}> (0x0000000610a3a0d8) 
thrown [s\src\hotspot\share\prims\jni.cpp, line 537]
Event: 21.510 Thread 0x000001e212905b20 Exception <a 'sun/nio/fs/WindowsException'{0x0000000610a711b8}> (0x0000000610a711b8) 
thrown [s\src\hotspot\share\prims\jni.cpp, line 537]
Event: 21.511 Thread 0x000001e2129061b0 Exception <a 'sun/nio/fs/WindowsException'{0x0000000610aee0b8}> (0x0000000610aee0b8) 
thrown [s\src\hotspot\share\prims\jni.cpp, line 537]
Event: 21.511 Thread 0x000001e211834000 Exception <a 'sun/nio/fs/WindowsException'{0x0000000610451b00}> (0x0000000610451b00) 
thrown [s\src\hotspot\share\prims\jni.cpp, line 537]
Event: 21.514 Thread 0x000001e21290b070 Exception <a 'sun/nio/fs/WindowsException'{0x0000000610527b68}> (0x0000000610527b68) 
thrown [s\src\hotspot\share\prims\jni.cpp, line 537]
Event: 21.515 Thread 0x000001e212908910 Exception <a 'sun/nio/fs/WindowsException'{0x00000006101f2968}> (0x00000006101f2968) 
thrown [s\src\hotspot\share\prims\jni.cpp, line 537]
Event: 21.515 Thread 0x000001e212904e00 Exception <a 'sun/nio/fs/WindowsException'{0x00000006102aacd0}> (0x00000006102aacd0) 
thrown [s\src\hotspot\share\prims\jni.cpp, line 537]
Event: 21.516 Thread 0x000001e212908280 Exception <a 'sun/nio/fs/WindowsException'{0x00000006103451b8}> (0x00000006103451b8) 
thrown [s\src\hotspot\share\prims\jni.cpp, line 537]
Event: 21.522 Thread 0x000001e20e1f51b0 Exception <a 'sun/nio/fs/WindowsException'{0x000000060f120de8}> (0x000000060f120de8) 
thrown [s\src\hotspot\share\prims\jni.cpp, line 537]
Event: 21.522 Thread 0x000001e212909630 Exception <a 'sun/nio/fs/WindowsException'{0x000000060ee84290}> (0x000000060ee84290) 
thrown [s\src\hotspot\share\prims\jni.cpp, line 537]
Event: 21.522 Thread 0x000001e212907560 Exception <a 'sun/nio/fs/WindowsException'{0x000000060eea3108}> (0x000000060eea3108) 
thrown [s\src\hotspot\share\prims\jni.cpp, line 537]
Event: 21.524 Thread 0x000001e212906ed0 Exception <a 'sun/nio/fs/WindowsException'{0x000000060e417b28}> (0x000000060e417b28) 
thrown [s\src\hotspot\share\prims\jni.cpp, line 537]
Event: 21.524 Thread 0x000001e212910c50 Exception <a 'sun/nio/fs/WindowsException'{0x000000060e61a2e8}> (0x000000060e61a2e8) 
thrown [s\src\hotspot\share\prims\jni.cpp, line 537]
Event: 21.525 Thread 0x000001e21290d7d0 Exception <a 'sun/nio/fs/WindowsException'{0x000000060e514ad8}> (0x000000060e514ad8) 
thrown [s\src\hotspot\share\prims\jni.cpp, line 537]
Event: 21.525 Thread 0x000001e2129140d0 Exception <a 'sun/nio/fs/WindowsException'{0x000000060ce63a38}> (0x000000060ce63a38) 
thrown [s\src\hotspot\share\prims\jni.cpp, line 537]
Event: 21.525 Thread 0x000001e21290c420 Exception <a 'sun/nio/fs/WindowsException'{0x000000060cedf000}> (0x000000060cedf000) 
thrown [s\src\hotspot\share\prims\jni.cpp, line 537]
Event: 21.525 Thread 0x000001e212905490 Exception <a 'sun/nio/fs/WindowsException'{0x000000060e6bfe08}> (0x000000060e6bfe08) 
thrown [s\src\hotspot\share\prims\jni.cpp, line 537]

ZGC Phase Switch (0 events):
No events

VM Operations (20 events):
Event: 19.308 Executing safepoint VM operation: G1PauseCleanup done
Event: 19.471 Executing safepoint VM operation: G1CollectForAllocation (G1 Evacuation Pause)
Event: 19.475 Executing safepoint VM operation: G1CollectForAllocation (G1 Evacuation Pause) done
Event: 19.972 Executing safepoint VM operation: G1CollectForAllocation (G1 Evacuation Pause)
Event: 19.976 Executing safepoint VM operation: G1CollectForAllocation (G1 Evacuation Pause) done
Event: 20.287 Executing safepoint VM operation: ICBufferFull
Event: 20.287 Executing safepoint VM operation: ICBufferFull done
Event: 20.447 Executing safepoint VM operation: G1CollectForAllocation (G1 Evacuation Pause)
Event: 20.453 Executing safepoint VM operation: G1CollectForAllocation (G1 Evacuation Pause) done
Event: 20.539 Executing safepoint VM operation: G1CollectForAllocation (G1 Evacuation Pause)
Event: 20.544 Executing safepoint VM operation: G1CollectForAllocation (G1 Evacuation Pause) done
Event: 20.629 Executing safepoint VM operation: G1CollectForAllocation (G1 Evacuation Pause)
Event: 20.634 Executing safepoint VM operation: G1CollectForAllocation (G1 Evacuation Pause) done
Event: 20.746 Executing safepoint VM operation: G1CollectForAllocation (G1 Evacuation Pause)
Event: 20.751 Executing safepoint VM operation: G1CollectForAllocation (G1 Evacuation Pause) done
Event: 21.242 Executing safepoint VM operation: G1CollectForAllocation (G1 Evacuation Pause)
Event: 21.249 Executing safepoint VM operation: G1CollectForAllocation (G1 Evacuation Pause) done
Event: 21.422 Executing safepoint VM operation: G1CollectForAllocation (G1 Evacuation Pause)
Event: 21.429 Executing safepoint VM operation: G1CollectForAllocation (G1 Evacuation Pause) done
Event: 21.526 Executing safepoint VM operation: G1CollectForAllocation (G1 Evacuation Pause)

Memory protections (0 events):
No events

Nmethod flushes (20 events):
Event: 14.367 Thread 0x000001e27d36eab0 flushing  nmethod 0x000001e25af6e110
Event: 14.367 Thread 0x000001e27d36eab0 flushing  nmethod 0x000001e25b2ef290
Event: 14.367 Thread 0x000001e27d36eab0 flushing  nmethod 0x000001e25aadc590
Event: 19.283 Thread 0x000001e27d36eab0 flushing  nmethod 0x000001e25aa8c490
Event: 19.283 Thread 0x000001e27d36eab0 flushing  nmethod 0x000001e25af55d90
Event: 19.283 Thread 0x000001e27d36eab0 flushing  nmethod 0x000001e26ab6e890
Event: 19.283 Thread 0x000001e27d36eab0 flushing  nmethod 0x000001e25a4d9690
Event: 19.283 Thread 0x000001e27d36eab0 flushing  nmethod 0x000001e25aa2f190
Event: 19.283 Thread 0x000001e27d36eab0 flushing  nmethod 0x000001e25b005610
Event: 19.283 Thread 0x000001e27d36eab0 flushing osr nmethod 0x000001e25b17c290
Event: 19.283 Thread 0x000001e27d36eab0 flushing  nmethod 0x000001e25aad1990
Event: 19.283 Thread 0x000001e27d36eab0 flushing  nmethod 0x000001e25b05e410
Event: 19.283 Thread 0x000001e27d36eab0 flushing  nmethod 0x000001e25b5f3890
Event: 19.283 Thread 0x000001e27d36eab0 flushing  nmethod 0x000001e25a6e8a90
Event: 19.283 Thread 0x000001e27d36eab0 flushing  nmethod 0x000001e25b039690
Event: 19.283 Thread 0x000001e27d36eab0 flushing  nmethod 0x000001e25acaff10
Event: 19.283 Thread 0x000001e27d36eab0 flushing  nmethod 0x000001e25af7f510
Event: 19.283 Thread 0x000001e27d36eab0 flushing  nmethod 0x000001e25b065810
Event: 19.283 Thread 0x000001e27d36eab0 flushing  nmethod 0x000001e25a461290
Event: 19.283 Thread 0x000001e27d36eab0 flushing  nmethod 0x000001e25af3c510

Events (20 events):
Event: 19.093 Thread 0x000001e20e1f51b0 Thread added: 0x000001e21412ce50
Event: 19.093 Thread 0x000001e20e1f51b0 Thread added: 0x000001e21412d4e0
Event: 19.093 Thread 0x000001e20e1f51b0 Thread added: 0x000001e21412fc40
Event: 19.093 Thread 0x000001e20e1f51b0 Thread added: 0x000001e21412c7c0
Event: 19.093 Thread 0x000001e20e1f51b0 Thread added: 0x000001e21412e200
Event: 19.093 Thread 0x000001e20e1f51b0 Thread added: 0x000001e2141323a0
Event: 19.093 Thread 0x000001e20e1f51b0 Thread added: 0x000001e214131680
Event: 19.117 Thread 0x000001e20e1f51b0 Thread added: 0x000001e2141330c0
Event: 19.117 Thread 0x000001e20e1f51b0 Thread added: 0x000001e214132a30
Event: 19.118 Thread 0x000001e20e1f51b0 Thread added: 0x000001e214133750
Event: 19.119 Thread 0x000001e20e1f51b0 Thread added: 0x000001e2141302d0
Event: 19.119 Thread 0x000001e20e1f51b0 Thread added: 0x000001e214133de0
Event: 19.120 Thread 0x000001e20e1f51b0 Thread added: 0x000001e214130960
Event: 19.121 Thread 0x000001e20e1f51b0 Thread added: 0x000001e214130ff0
Event: 19.122 Thread 0x000001e20e1f51b0 Thread added: 0x000001e214135190
Event: 19.122 Thread 0x000001e20e1f51b0 Thread added: 0x000001e214134470
Event: 19.123 Thread 0x000001e20e1f51b0 Thread added: 0x000001e214134b00
Event: 19.124 Thread 0x000001e20e1f51b0 Thread added: 0x000001e214131d10
Event: 19.125 Thread 0x000001e20e1f51b0 Thread added: 0x000001e214137f80
Event: 19.125 Thread 0x000001e20e1f51b0 Thread added: 0x000001e214136bd0


Dynamic libraries:
0x00007ff72ad20000 - 0x00007ff72ad2a000 	C:\Program Files\Android\Android Studio\jbr\bin\java.exe
0x00007ff948ca0000 - 0x00007ff948f06000 	C:\WINDOWS\SYSTEM32\ntdll.dll
0x00007ff948820000 - 0x00007ff9488e9000 	C:\WINDOWS\System32\KERNEL32.DLL
0x00007ff946010000 - 0x00007ff94640f000 	C:\WINDOWS\System32\KERNELBASE.dll
0x00007ff945eb0000 - 0x00007ff945ffc000 	C:\WINDOWS\System32\ucrtbase.dll
0x00007ff8c6140000 - 0x00007ff8c615b000 	C:\Program Files\Android\Android Studio\jbr\bin\VCRUNTIME140.dll
0x00007ff8c2870000 - 0x00007ff8c2888000 	C:\Program Files\Android\Android Studio\jbr\bin\jli.dll
0x00007ff946aa0000 - 0x00007ff946c66000 	C:\WINDOWS\System32\USER32.dll
0x00007ff9466e0000 - 0x00007ff946707000 	C:\WINDOWS\System32\win32u.dll
0x00007ff9336c0000 - 0x00007ff933951000 	C:\WINDOWS\WinSxS\amd64_microsoft.windows.common-controls_6595b64144ccf1df_6.0.26100.8972_none_3e0da176e32f9d4b\COMCTL32.dll
0x00007ff9488f0000 - 0x00007ff94891b000 	C:\WINDOWS\System32\GDI32.dll
0x00007ff9468a0000 - 0x00007ff9469c9000 	C:\WINDOWS\System32\gdi32full.dll
0x00007ff946420000 - 0x00007ff9464c3000 	C:\WINDOWS\System32\msvcp_win.dll
0x00007ff948ac0000 - 0x00007ff948b69000 	C:\WINDOWS\System32\msvcrt.dll
0x00007ff948c20000 - 0x00007ff948c52000 	C:\WINDOWS\System32\IMM32.DLL
0x00007ff903280000 - 0x00007ff90328c000 	C:\Program Files\Android\Android Studio\jbr\bin\vcruntime140_1.dll
0x00007ff809040000 - 0x00007ff8090cd000 	C:\Program Files\Android\Android Studio\jbr\bin\msvcp140.dll
0x00007fffc01f0000 - 0x00007fffc0e86000 	C:\Program Files\Android\Android Studio\jbr\bin\server\jvm.dll
0x00007ff9469d0000 - 0x00007ff946a8c000 	C:\WINDOWS\System32\ADVAPI32.dll
0x00007ff948760000 - 0x00007ff94880a000 	C:\WINDOWS\System32\sechost.dll
0x00007ff947fd0000 - 0x00007ff9480e8000 	C:\WINDOWS\System32\RPCRT4.dll
0x00007ff948b70000 - 0x00007ff948bf2000 	C:\WINDOWS\System32\WS2_32.dll
0x00007ff945770000 - 0x00007ff9457ce000 	C:\WINDOWS\SYSTEM32\POWRPROF.dll
0x00007ff93fb80000 - 0x00007ff93fbb6000 	C:\WINDOWS\SYSTEM32\WINMM.dll
0x00007ff93ebb0000 - 0x00007ff93ebbb000 	C:\WINDOWS\SYSTEM32\VERSION.dll
0x00007ff945710000 - 0x00007ff945725000 	C:\WINDOWS\SYSTEM32\UMPDC.dll
0x00007ff944b80000 - 0x00007ff944b9b000 	C:\WINDOWS\SYSTEM32\kernel.appcore.dll
0x00007ff8fbc20000 - 0x00007ff8fbc2a000 	C:\Program Files\Android\Android Studio\jbr\bin\jimage.dll
0x00007ff9430a0000 - 0x00007ff9432e2000 	C:\WINDOWS\SYSTEM32\DBGHELP.DLL
0x00007ff947930000 - 0x00007ff947cb5000 	C:\WINDOWS\System32\combase.dll
0x00007ff9477b0000 - 0x00007ff947889000 	C:\WINDOWS\System32\OLEAUT32.dll
0x00007ff93ed80000 - 0x00007ff93edbb000 	C:\WINDOWS\SYSTEM32\dbgcore.DLL
0x00007ff946620000 - 0x00007ff9466cc000 	C:\WINDOWS\System32\bcryptPrimitives.dll
0x00007ff8f6650000 - 0x00007ff8f665e000 	C:\Program Files\Android\Android Studio\jbr\bin\instrument.dll
0x00007ff8aa880000 - 0x00007ff8aa8a0000 	C:\Program Files\Android\Android Studio\jbr\bin\java.dll
0x00007ff88d490000 - 0x00007ff88d4a8000 	C:\Program Files\Android\Android Studio\jbr\bin\zip.dll
0x00007ff946c70000 - 0x00007ff9473f8000 	C:\WINDOWS\System32\SHELL32.dll
0x00007ff943940000 - 0x00007ff9441db000 	C:\WINDOWS\SYSTEM32\windows.storage.dll
0x00007ff947480000 - 0x00007ff947579000 	C:\WINDOWS\System32\SHCORE.dll
0x00007ff948920000 - 0x00007ff948986000 	C:\WINDOWS\System32\shlwapi.dll
0x00007ff945dd0000 - 0x00007ff945df9000 	C:\WINDOWS\SYSTEM32\profapi.dll
0x00007ff8fbb00000 - 0x00007ff8fbb10000 	C:\Program Files\Android\Android Studio\jbr\bin\net.dll
0x00007ff93de70000 - 0x00007ff93df98000 	C:\WINDOWS\SYSTEM32\WINHTTP.dll
0x00007ff945150000 - 0x00007ff9451bc000 	C:\WINDOWS\system32\mswsock.dll
0x00007ff88c0e0000 - 0x00007ff88c0f6000 	C:\Program Files\Android\Android Studio\jbr\bin\nio.dll
0x00007ff8f8e40000 - 0x00007ff8f8e50000 	C:\Program Files\Android\Android Studio\jbr\bin\verify.dll
0x00007ff885910000 - 0x00007ff885937000 	C:\Users\levie\.gradle\native\1def1411415f61bf3af743bc5b6707747c0891f09f0c88961ee8f79bc544acac\windows-amd64\native-platform.dll
0x00007ff800040000 - 0x00007ff8000b7000 	C:\Users\levie\.gradle\native\0.2.8\x86_64-windows-gnu\gradle-fileevents.dll
0x00007ff8f69c0000 - 0x00007ff8f69c9000 	C:\Program Files\Android\Android Studio\jbr\bin\management.dll
0x00007ff8f6940000 - 0x00007ff8f694b000 	C:\Program Files\Android\Android Studio\jbr\bin\management_ext.dll
0x00007ff947890000 - 0x00007ff947898000 	C:\WINDOWS\System32\PSAPI.DLL
0x00007ff944520000 - 0x00007ff944553000 	C:\WINDOWS\SYSTEM32\IPHLPAPI.DLL
0x00007ff948810000 - 0x00007ff94881a000 	C:\WINDOWS\System32\NSI.dll
0x00007ff8f66c0000 - 0x00007ff8f66c9000 	C:\Program Files\Android\Android Studio\jbr\bin\extnet.dll
0x00007ff9454d0000 - 0x00007ff9454eb000 	C:\WINDOWS\SYSTEM32\CRYPTSP.dll
0x00007ff944ae0000 - 0x00007ff944b19000 	C:\WINDOWS\system32\rsaenh.dll
0x00007ff945200000 - 0x00007ff945232000 	C:\WINDOWS\SYSTEM32\USERENV.dll
0x00007ff945da0000 - 0x00007ff945dca000 	C:\WINDOWS\SYSTEM32\bcrypt.dll
0x00007ff9454b0000 - 0x00007ff9454bc000 	C:\WINDOWS\SYSTEM32\CRYPTBASE.dll
0x00007ff91d830000 - 0x00007ff91d838000 	C:\WINDOWS\system32\wshunix.dll
0x00007ff944610000 - 0x00007ff944768000 	C:\WINDOWS\SYSTEM32\DNSAPI.dll
0x00007ff944f30000 - 0x00007ff944f3d000 	C:\WINDOWS\SYSTEM32\DSPARSE.dll
0x00007ff93e250000 - 0x00007ff93e25b000 	C:\Windows\System32\rasadhlp.dll
0x00007ff93adf0000 - 0x00007ff93ae76000 	C:\WINDOWS\System32\fwpuclnt.dll

JVMTI agents:
C:\Users\levie\.gradle\wrapper\dists\gradle-9.1.0-all\7wzd0jkjit61aq2p43wpjgij9\gradle-9.1.0\lib\agents\gradle-instrumentation-agent-9.1.0.jar path:C:\Program Files\Android\Android Studio\jbr\bin\instrument.dll, loaded, initialized, instrumentlib options:none

dbghelp: loaded successfully - version: 4.0.5 - missing functions: none
symbol engine: initialized successfully - sym options: 0x614 - pdb path: .;C:\Program Files\Android\Android Studio\jbr\bin;C:\WINDOWS\SYSTEM32;C:\WINDOWS\WinSxS\amd64_microsoft.windows.common-controls_6595b64144ccf1df_6.0.26100.8972_none_3e0da176e32f9d4b;C:\Program Files\Android\Android Studio\jbr\bin\server;C:\Users\levie\.gradle\native\1def1411415f61bf3af743bc5b6707747c0891f09f0c88961ee8f79bc544acac\windows-amd64;C:\Users\levie\.gradle\native\0.2.8\x86_64-windows-gnu

VM Arguments:
jvm_args: --add-opens=java.base/java.lang=ALL-UNNAMED --add-opens=java.base/java.lang.invoke=ALL-UNNAMED --add-opens=java.base/java.util=ALL-UNNAMED --add-opens=java.prefs/java.util.prefs=ALL-UNNAMED --add-exports=jdk.compiler/com.sun.tools.javac.api=ALL-UNNAMED --add-exports=jdk.compiler/com.sun.tools.javac.util=ALL-UNNAMED --add-opens=java.base/java.util=ALL-UNNAMED --add-opens=java.prefs/java.util.prefs=ALL-UNNAMED --add-opens=java.base/java.nio.charset=ALL-UNNAMED --add-opens=java.base/java.net=ALL-UNNAMED --add-opens=java.base/java.util.concurrent=ALL-UNNAMED --add-opens=java.base/java.util.concurrent.atomic=ALL-UNNAMED --add-opens=java.xml/javax.xml.namespace=ALL-UNNAMED --add-opens=java.base/java.time=ALL-UNNAMED -XX:MaxMetaspaceSize=4G -XX:ReservedCodeCacheSize=512m -XX:+HeapDumpOnOutOfMemoryError -Xmx8G -Dfile.encoding=UTF-8 -Duser.country=US -Duser.language=en -Duser.variant -javaagent:C:\Users\levie\.gradle\wrapper\dists\gradle-9.1.0-all\7wzd0jkjit61aq2p43wpjgij9\gradle-9.1.0\lib\agents\gradle-instrumentation-agent-9.1.0.jar 
java_command: org.gradle.launcher.daemon.bootstrap.GradleDaemon 9.1.0
java_class_path (initial): C:\Users\levie\.gradle\wrapper\dists\gradle-9.1.0-all\7wzd0jkjit61aq2p43wpjgij9\gradle-9.1.0\lib\gradle-daemon-main-9.1.0.jar
Launcher Type: SUN_STANDARD

[Global flags]
     intx CICompilerCount                          = 12                                        {product} {ergonomic}
     uint ConcGCThreads                            = 4                                         {product} {ergonomic}
     uint G1ConcRefinementThreads                  = 15                                        {product} {ergonomic}
   size_t G1HeapRegionSize                         = 4194304                                   {product} {ergonomic}
    uintx GCDrainStackTargetSize                   = 64                                        {product} {ergonomic}
     bool HeapDumpOnOutOfMemoryError               = true                                   {manageable} {command line}
   size_t InitialHeapSize                          = 264241152                                 {product} {ergonomic}
   size_t MarkStackSize                            = 4194304                                   {product} {ergonomic}
   size_t MaxHeapSize                              = 8589934592                                {product} {command line}
   size_t MaxMetaspaceSize                         = 4294967296                                {product} {command line}
   size_t MaxNewSize                               = 5150605312                                {product} {ergonomic}
   size_t MinHeapDeltaBytes                        = 4194304                                   {product} {ergonomic}
   size_t MinHeapSize                              = 8388608                                   {product} {ergonomic}
    uintx NonNMethodCodeHeapSize                   = 7602480                                {pd product} {ergonomic}
    uintx NonProfiledCodeHeapSize                  = 264634216                              {pd product} {ergonomic}
    uintx ProfiledCodeHeapSize                     = 264634216                              {pd product} {ergonomic}
    uintx ReservedCodeCacheSize                    = 536870912                              {pd product} {command line}
     bool SegmentedCodeCache                       = true                                      {product} {ergonomic}
   size_t SoftMaxHeapSize                          = 8589934592                             {manageable} {ergonomic}
     bool UseCompressedOops                        = true                           {product lp64_product} {ergonomic}
     bool UseG1GC                                  = true                                      {product} {ergonomic}
     bool UseLargePagesIndividualAllocation        = false                                  {pd product} {ergonomic}

Logging:
Log output configuration:
 #0: stdout all=warning uptime,level,tags foldmultilines=false
 #1: stderr all=off uptime,level,tags foldmultilines=false

Release file:
JAVA_VERSION="21.0.10" 
MODULES="java.base java.compiler java.datatransfer java.xml java.prefs java.desktop java.instrument java.logging java.management java.security.sasl java.naming java.rmi java.management.rmi java.net.http java.scripting java.security.jgss java.transaction.xa java.sql java.sql.rowset java.xml.crypto java.se java.smartcardio jdk.accessibility jdk.internal.jvmstat jdk.attach jdk.charsets jdk.internal.opt jdk.zipfs jdk.compiler jdk.crypto.ec jdk.crypto.cryptoki jdk.dynalink jdk.hotspot.agent jdk.httpserver jdk.internal.ed jdk.internal.le jdk.internal.vm.ci jdk.jartool jdk.javadoc jdk.jcmd jdk.jdeps jdk.jdwp.agent jdk.jdi jdk.jfr jdk.jlink jdk.jsobject jdk.localedata jdk.management jdk.management.agent jdk.management.jfr jdk.naming.dns jdk.naming.rmi jdk.net jdk.sctp jdk.security.auth jdk.security.jgss jdk.unsupported jdk.unsupported.desktop jdk.xml.dom" 
IMPLEMENTOR="JetBrains s.r.o." 
JAVA_RUNTIME_VERSION="21.0.10+-14961533-b1163.108" 
LIBC="default" 
OS_ARCH="x86_64" 
OS_NAME="Windows" 
SOURCE=".:git:1351622c2ff2" 

Environment Variables:
JAVA_HOME=C:\Program Files\Android\Android Studio\jbr
CLASSPATH=D:\Documents\HKIII_2025-2026\SE\HCMUS_CSC13002_FinFlow\android\\gradle\wrapper\gradle-wrapper.jar
PATH=C:\Program Files\Android\Android Studio\jbr\bin;C:\Program Files\Eclipse Adoptium\jdk-17.0.19.10-hotspot\bin;C:\WINDOWS\system32;C:\WINDOWS;C:\WINDOWS\System32\Wbem;C:\WINDOWS\System32\WindowsPowerShell\v1.0\;C:\WINDOWS\System32\OpenSSH\;C:\MinGW\bin;C:\Program Files\Git\cmd;C:\Program Files\nodejs\;C:\Program Files\Docker\Docker\resources\bin;C:\Program Files (x86)\Microsoft SQL Server\160\Tools\Binn\;C:\Program Files\Microsoft SQL Server\160\Tools\Binn\;C:\Program Files\Microsoft SQL Server\Client SDK\ODBC\170\Tools\Binn\;C:\Program Files\Microsoft SQL Server\160\DTS\Binn\;C:\Program Files\Cloudflare\Cloudflare WARP\;C:\Program Files\PowerShell\7\;C:\Users\levie\.local\bin;C:\Users\levie\anaconda3;C:\Users\levie\anaconda3\Library\mingw-w64\bin;C:\Users\levie\anaconda3\Library\usr\bin;C:\Users\levie\anaconda3\Library\bin;C:\Users\levie\anaconda3\Scripts;C:\Users\levie\AppData\Local\Microsoft\WindowsApps;C:\MinGW\bin;C:\Users\levie\AppData\Local\Programs\Microsoft VS Code\bin;C:\Program Files\Git\cmd;C:\Users\levie\AppData\Roaming\npm;C:\flutter\bin;D:\flt\flutter\bin;C:\flutter\bin\mingit\cmd;C:\flutter\bin\mingit\cmd
USERNAME=levie
OS=Windows_NT
PROCESSOR_IDENTIFIER=Intel64 Family 6 Model 183 Stepping 1, GenuineIntel
TMP=C:\Users\levie\AppData\Local\Temp
TEMP=C:\Users\levie\AppData\Local\Temp




Periodic native trim disabled

JNI global refs:
JNI global refs: 37, weak refs: 9

JNI global refs memory usage: 835, weak refs: 833

Process memory usage:
Resident Set Size: 881820K (5% of 16478072K total physical memory with 180248K free physical memory)

OOME stack traces (most recent first):
Classloader memory used:
Loader org.gradle.internal.classloader.VisitableURLClassLoader                         : 44024K
Loader org.gradle.internal.classloader.VisitableURLClassLoader$InstrumentingVisitableURLClassLoader: 36166K
Loader bootstrap                                                                       : 31040K
Loader org.gradle.initialization.MixInLegacyTypesClassLoader                           : 12695K
Loader jdk.internal.loader.ClassLoaders$PlatformClassLoader                            : 436K
Loader org.gradle.internal.classloader.VisitableURLClassLoader                         : 307K
Loader jdk.internal.loader.ClassLoaders$AppClassLoader                                 : 233K
Loader jdk.internal.reflect.DelegatingClassLoader                                      : 190K

Classes loaded by more than one classloader:
Class Program                                                                         : loaded 16 times (x 74B)
Class Build_gradle                                                                    : loaded 9 times (x 126B)
Class Build_gradle$2                                                                  : loaded 5 times (x 75B)
Class Build_gradle$1                                                                  : loaded 4 times (x 74B)
Class Settings_gradle                                                                 : loaded 3 times (x 124B)
Class org.jetbrains.kotlin.gradle.internal.ClassLoadersCachingBuildService$Companion$registerIfAbsent$2$1$1: loaded 2 times (x 75B)
Class org.jetbrains.kotlin.gradle.plugin.KotlinGradleBuildServices$Inject             : loaded 2 times (x 100B)
Class org.jetbrains.kotlin.gradle.fus.internal.SynchronizedConfigurationMetrics$Companion: loaded 2 times (x 71B)
Class com.google.common.base.Equivalence$Identity                                     : loaded 2 times (x 82B)
Class com.google.common.base.PairwiseEquivalence                                      : loaded 2 times (x 83B)
Class com.google.common.collect.RegularImmutableMap$KeySet                            : loaded 2 times (x 152B)
Class org.gradle.internal.classloader.FilteringClassLoader                            : loaded 2 times (x 105B)
Class org.jetbrains.kotlin.gradle.plugin.mpp.KotlinVariantWithCoordinates             : loaded 2 times (x 108B)
Class org.jetbrains.kotlin.gradle.tasks.CInteropProcess                               : loaded 2 times (x 344B)
Class org.jetbrains.kotlin.gradle.plugin.abi.AbiValidationTaskSet$addSingleJvmTarget$1: loaded 2 times (x 75B)
Class org.jetbrains.kotlin.gradle.internal.KotlinDomApiDependencyManagementKt         : loaded 2 times (x 71B)
Class org.jetbrains.kotlin.gradle.plugin.KotlinPluginLifecycleImpl$launch$coroutine$1 : loaded 2 times (x 76B)
Class org.jetbrains.kotlin.gradle.targets.js.npm.NpmDependencyExtensionKt$defaultNpmDependencyDelegate$1: loaded 2 times (x 167B)
Class org.jetbrains.kotlin.gradle.plugin.diagnostics.checkers.MissingNativeStdlibChecker: loaded 2 times (x 74B)
Class org.jetbrains.kotlin.gradle.targets.ConfigureNonPackedKlibConsumingSideEffectKt : loaded 2 times (x 71B)
Class org.jetbrains.kotlin.gradle.targets.native.KotilnNativeConfigureBinariesSideEffectKt: loaded 2 times (x 71B)
Class org.jetbrains.kotlin.gradle.plugin.KotlinPlatformType$DisambiguationRule        : loaded 2 times (x 76B)
Class org.jetbrains.kotlin.gradle.plugin.KotlinPlatformType$Companion                 : loaded 2 times (x 71B)
Class org.jetbrains.kotlin.gradle.plugin.internal.ConfigurationCacheStartParameterAccessorKt: loaded 2 times (x 71B)
Class com.google.common.base.CharMatcher$IsEither                                     : loaded 2 times (x 111B)
Class org.gradle.internal.classloader.ClassLoaderHierarchy                            : loaded 2 times (x 70B)
Class org.jetbrains.kotlin.gradle.plugin.hierarchy.KotlinSourceSetTreeClassifierKt    : loaded 2 times (x 71B)
Class org.jetbrains.kotlin.gradle.report.UsesBuildMetricsService                      : loaded 2 times (x 70B)
Class org.jetbrains.kotlin.gradle.plugin.mpp.compilationImpl.factory.KotlinCompilationImplFactory$KotlinCompilationSourceSetsContainerFactory: loaded 2 times (x 70B)
Class org.jetbrains.kotlin.gradle.utils.ConfigurationCacheOpaqueValueSource           : loaded 2 times (x 79B)
Class org.jetbrains.kotlin.gradle.utils.MutableObservableSet                          : loaded 2 times (x 70B)
Class org.jetbrains.kotlin.gradle.dsl.KotlinHierarchyDsl                              : loaded 2 times (x 70B)
Class org.jetbrains.kotlin.gradle.targets.native.KonanPropertiesBuildService$Companion$registerIfAbsent$2$1: loaded 2 times (x 79B)
Class org.jetbrains.kotlin.gradle.report.BuildReportType                              : loaded 2 times (x 79B)
Class org.jetbrains.kotlin.statistics.metrics.StringAnonymizationPolicy$AllowedListAnonymizer: loaded 2 times (x 79B)
Class com.google.common.collect.ImmutableEnumSet                                      : loaded 2 times (x 146B)
Class com.google.common.util.concurrent.ExecutionError                                : loaded 2 times (x 82B)
Class com.google.common.collect.ImmutableList$1                                       : loaded 2 times (x 97B)
Class org.gradle.api.internal.classpath.ManifestUtil                                  : loaded 2 times (x 71B)
Class org.jetbrains.kotlin.gradle.utils.FutureKt$future$1                             : loaded 2 times (x 95B)
Class org.jetbrains.kotlin.gradle.plugin.mpp.KotlinMetadataCompilation                : loaded 2 times (x 70B)
Class org.jetbrains.kotlin.gradle.plugin.sources.KotlinDependencyScope                : loaded 2 times (x 79B)
Class org.jetbrains.kotlin.gradle.tasks.configuration.AbstractKotlinCompileConfig$1   : loaded 2 times (x 79B)
Class org.jetbrains.kotlin.gradle.plugin.mpp.compilationImpl.KotlinCompilationFriendPathsResolver: loaded 2 times (x 70B)
Class org.jetbrains.kotlin.konan.target.KonanTarget$ANDROID_ARM64                     : loaded 2 times (x 78B)
Class org.jetbrains.kotlin.gradle.artifacts.KotlinNativeHostSpecificMetadataArtifactKt$KotlinNativeHostSpecificMetadataArtifact$1: loaded 2 times (x 74B)
Class org.jetbrains.kotlin.gradle.plugin.mpp.compilationImpl.KotlinCompilationSideEffect$Companion: loaded 2 times (x 71B)
Class org.jetbrains.kotlin.gradle.plugin.mpp.KotlinUsages$KotlinMetadataDisambiguation: loaded 2 times (x 76B)
Class org.jetbrains.kotlin.gradle.plugin.statistics.FlowActionBuildFusService$Companion$registerIfAbsentImpl$1: loaded 2 times (x 75B)
Class org.jetbrains.kotlin.gradle.internal.properties.PropertiesBuildService$IntGradleProperty: loaded 2 times (x 76B)
Class com.google.common.collect.RegularImmutableMap                                   : loaded 2 times (x 121B)
Class com.google.common.collect.ImmutableMap$MapViewOfValuesAsSingletonSets           : loaded 2 times (x 126B)
Class org.jetbrains.kotlin.gradle.utils.GradleAttributesContainerUtilsKt$setAttributeProvider$1: loaded 2 times (x 75B)
Class org.jetbrains.kotlin.gradle.internal.transforms.BuildToolsApiClasspathEntrySnapshotTransform: loaded 2 times (x 82B)
Class org.jetbrains.kotlin.gradle.tasks.configuration.AbstractKotlinCompileConfig$2   : loaded 2 times (x 79B)
Class org.jetbrains.kotlin.gradle.plugin.mpp.compilationImpl.factory.KotlinCompilationImplFactory$PreConfigure: loaded 2 times (x 70B)
Class org.jetbrains.kotlin.gradle.plugin.KotlinProjectSetupActionKt$KotlinProjectSetupCoroutine$1$1: loaded 2 times (x 95B)
Class org.jetbrains.kotlin.konan.target.KonanTarget$WATCHOS_ARM32                     : loaded 2 times (x 78B)
Class org.jetbrains.kotlin.gradle.targets.js.dsl.KotlinJsTargetDsl                    : loaded 2 times (x 70B)
Class org.jetbrains.kotlin.gradle.plugin.KotlinPluginLifecycleImplKt                  : loaded 2 times (x 71B)
Class org.jetbrains.kotlin.gradle.plugin.diagnostics.checkers.DeprecatedKotlinNativeTargetsChecker$runChecks$1: loaded 2 times (x 88B)
Class org.jetbrains.kotlin.gradle.plugin.KotlinPluginLifecycleImpl$WhenMappings       : loaded 2 times (x 71B)
Class org.jetbrains.kotlin.gradle.dsl.KotlinCommonCompilerToolOptionsHelper           : loaded 2 times (x 71B)
Class org.jetbrains.kotlin.gradle.plugin.KotlinTargetComponent                        : loaded 2 times (x 70B)
Class org.jetbrains.kotlin.gradle.plugin.KotlinGradlePluginExtensionPointInternal     : loaded 2 times (x 76B)
Class org.jetbrains.kotlin.statistics.metrics.StringOverridePolicy$OVERRIDE_VERSION_IF_NOT_SET: loaded 2 times (x 85B)
Class org.jetbrains.kotlin.gradle.plugin.statistics.KotlinBuildStatsBeanService$Companion$initStatsService$1: loaded 2 times (x 79B)
Class org.jetbrains.kotlin.gradle.plugin.VariantImplementationFactories$Companion$getProvider$1: loaded 2 times (x 75B)
Class org.jetbrains.kotlin.gradle.internal.properties.PropertiesBuildService$BooleanGradleProperty: loaded 2 times (x 76B)
Class org.jetbrains.kotlin.gradle.dsl.KotlinProjectExtension                          : loaded 2 times (x 122B)
Class [Lorg.objectweb.asm.Symbol;                                                     : loaded 2 times (x 69B)
Class org.objectweb.asm.ClassVisitor                                                  : loaded 2 times (x 88B)
Class com.google.common.collect.UnmodifiableListIterator                              : loaded 2 times (x 95B)
Class org.jetbrains.kotlin.gradle.plugin.KotlinPluginLifecycle$ProjectConfigurationResult$Failure: loaded 2 times (x 72B)
Class com.google.common.base.Platform$JdkPatternCompiler                              : loaded 2 times (x 75B)
Class org.jetbrains.kotlin.gradle.internal.abi.ConfigsKt$configureLegacyTasks$1       : loaded 2 times (x 75B)
Class org.jetbrains.kotlin.gradle.plugin.sources.DefaultKotlinSourceSet$MetadataDependencyTransformation: loaded 2 times (x 72B)
Class org.jetbrains.kotlin.gradle.tasks.DefaultKotlinJavaToolchain$Companion          : loaded 2 times (x 71B)
Class org.jetbrains.kotlin.gradle.tasks.DefaultKotlinJavaToolchain                    : loaded 2 times (x 77B)
Class org.jetbrains.kotlin.gradle.targets.native.toolchain.KotlinNativeBundleBuildService$Parameters: loaded 2 times (x 70B)
Class org.jetbrains.kotlin.gradle.targets.native.toolchain.KotlinNativeBundleBuildService: loaded 2 times (x 77B)
Class org.jetbrains.kotlin.gradle.plugin.KotlinGradleBuildServices                    : loaded 2 times (x 80B)
Class [Lorg.jetbrains.kotlin.statistics.ValueAnonymizer;                              : loaded 2 times (x 69B)
Class org.jetbrains.kotlin.gradle.internal.properties.PropertiesBuildService$MemoizedCallable$value$2: loaded 2 times (x 79B)
Class org.objectweb.asm.MethodTooLargeException                                       : loaded 2 times (x 83B)
Class [Lcom.google.common.cache.CacheBuilder$OneWeigher;                              : loaded 2 times (x 69B)
Class com.google.common.base.Suppliers                                                : loaded 2 times (x 71B)
Class org.gradle.internal.classloader.DefaultClassLoaderFactory                       : loaded 2 times (x 82B)
Class org.jetbrains.kotlin.compilerRunner.CompilerSystemPropertiesService$Parameters_Decorated: loaded 2 times (x 130B)
Class org.jetbrains.kotlin.gradle.internal.abi.ConfigsKt$configureLegacyTasks$2       : loaded 2 times (x 75B)
Class org.jetbrains.kotlin.gradle.dsl.abi.ExperimentalAbiValidation                   : loaded 2 times (x 70B)
Class org.jetbrains.kotlin.gradle.plugin.KotlinTargetWithTests                        : loaded 2 times (x 70B)
Class org.jetbrains.kotlin.gradle.plugin.diagnostics.ToolingDiagnosticRenderingOptions: loaded 2 times (x 72B)
Class [Lorg.jetbrains.kotlin.gradle.dsl.KotlinVersion;                                : loaded 2 times (x 69B)
Class org.jetbrains.kotlin.gradle.plugin.diagnostics.UsesKotlinToolingDiagnosticsParameters: loaded 2 times (x 70B)
Class org.jetbrains.kotlin.gradle.plugin.diagnostics.checkers.JsEnvironmentChecker    : loaded 2 times (x 76B)
Class org.jetbrains.kotlin.gradle.targets.js.npm.NpmDependencyExtensionKt             : loaded 2 times (x 71B)
Class org.jetbrains.kotlin.gradle.plugin.PropertiesProvider$classLoaderCacheTimeoutInSeconds$1: loaded 2 times (x 75B)
Class org.jetbrains.kotlin.gradle.report.BuildMetricsService                          : loaded 2 times (x 86B)
Class org.jetbrains.kotlin.statistics.metrics.NumberAnonymizationPolicy               : loaded 2 times (x 85B)
Class org.jetbrains.kotlin.statistics.metrics.StringAnonymizationPolicy               : loaded 2 times (x 78B)
Class org.gradle.internal.classloader.ClassLoaderVisitor                              : loaded 2 times (x 76B)
Class org.jetbrains.kotlin.gradle.plugin.mpp.compilationImpl.KotlinCompilationLanguageSettingsConfigurator: loaded 2 times (x 74B)
Class org.jetbrains.kotlin.gradle.plugin.KotlinPluginLifecycleKt$await$1              : loaded 2 times (x 88B)
Class [Lorg.jetbrains.kotlin.gradle.plugin.KotlinCompilation;                         : loaded 2 times (x 69B)
Class org.jetbrains.kotlin.gradle.plugin.mpp.KotlinTargetComponentWithPublication     : loaded 2 times (x 70B)
Class org.jetbrains.kotlin.gradle.plugin.mpp.compilationImpl.KotlinCreateNativeCompileTasksSideEffectKt: loaded 2 times (x 71B)
Class org.jetbrains.kotlin.gradle.plugin.KotlinProjectSetupActionKt                   : loaded 2 times (x 71B)
Class org.jetbrains.kotlin.gradle.dsl.KotlinTargetContainerWithJsPresetFunctions      : loaded 2 times (x 70B)
Class org.jetbrains.kotlin.gradle.report.ReportingSettings$Companion                  : loaded 2 times (x 71B)
Class org.jetbrains.kotlin.gradle.report.ConfigureReporingKt                          : loaded 2 times (x 71B)
Class org.jetbrains.kotlin.tooling.core.TypeUtils                                     : loaded 2 times (x 71B)
Class [Lcom.google.common.collect.ImmutableMapEntry;                                  : loaded 2 times (x 69B)
Class org.gradle.api.internal.classpath.EffectiveClassPath                            : loaded 2 times (x 90B)
Class org.jetbrains.kotlin.gradle.plugin.mpp.compilationImpl.DefaultKotlinCompilationConfigurationsContainer: loaded 2 times (x 84B)
Class com.google.common.collect.ImmutableRangeSet                                     : loaded 2 times (x 115B)
Class org.jetbrains.kotlin.konan.target.KonanTarget$ANDROID_ARM32                     : loaded 2 times (x 78B)
Class org.jetbrains.kotlin.gradle.tasks.TasksProviderKt                               : loaded 2 times (x 71B)
Class org.jetbrains.kotlin.gradle.plugin.diagnostics.ToolingDiagnostic                : loaded 2 times (x 72B)
Class org.jetbrains.kotlin.gradle.plugin.sources.DefaultKotlinSourceSetFactory        : loaded 2 times (x 80B)
Class com.google.common.collect.ListMultimap                                          : loaded 2 times (x 70B)
Class com.google.common.collect.ImmutableEnumMap                                      : loaded 2 times (x 126B)
Class org.jetbrains.kotlin.buildtools.api.jvm.ClassSnapshotGranularity                : loaded 2 times (x 79B)
Class org.jetbrains.kotlin.gradle.ExternalKotlinTargetApi                             : loaded 2 times (x 70B)
Class com.google.common.collect.Iterators$EmptyModifiableIterator                     : loaded 2 times (x 86B)
Class org.jetbrains.kotlin.gradle.plugin.diagnostics.checkers.AndroidPluginWithoutAndroidTargetChecker$runChecks$1: loaded 2 times (x 88B)
Class org.jetbrains.kotlin.gradle.plugin.diagnostics.checkers.AndroidSourceSetLayoutV1SourceSetsNotFoundChecker$runChecks$1: loaded 2 times (x 88B)
Class org.jetbrains.kotlin.gradle.plugin.diagnostics.KotlinGradleProjectCheckersRunnerKt$launchKotlinGradleProjectCheckers$1$1: loaded 2 times (x 95B)
Class org.jetbrains.kotlin.konan.target.KonanTarget                                   : loaded 2 times (x 78B)
Class org.jetbrains.kotlin.gradle.targets.CreateDefaultTestRunSideEffectKt            : loaded 2 times (x 71B)
Class org.jetbrains.kotlin.gradle.utils.ProviderApiUtilsKt$mapOrNull$1                : loaded 2 times (x 75B)
Class org.jetbrains.kotlin.gradle.targets.native.toolchain.KotlinNativeBundleBuildService$Companion$registerIfAbsent$1: loaded 2 times (x 75B)
Class org.jetbrains.kotlin.statistics.metrics.BooleanAnonymizationPolicy              : loaded 2 times (x 85B)
Class org.jetbrains.kotlin.statistics.metrics.BooleanOverridePolicy$OVERRIDE          : loaded 2 times (x 85B)
Class org.jetbrains.kotlin.gradle.plugin.PropertiesProvider$kotlinExperimentalTryNext$1: loaded 2 times (x 75B)
Class org.jetbrains.kotlin.gradle.fus.BuildUidService$Companion                       : loaded 2 times (x 71B)
Class org.jetbrains.kotlin.gradle.plugin.VariantImplementationFactoriesConfigurator$Companion$getProvider$1: loaded 2 times (x 74B)
Class com.google.common.collect.Sets$1                                                : loaded 2 times (x 139B)
Class org.objectweb.asm.AnnotationVisitor                                             : loaded 2 times (x 78B)
Class org.gradle.api.internal.DefaultClassPathProvider                                : loaded 2 times (x 76B)
Class org.jetbrains.kotlin.gradle.tasks.configuration.KaptGenerateStubsConfig$Companion$wireJavaAndKotlinOutputs$1: loaded 2 times (x 79B)
Class org.jetbrains.kotlin.gradle.tasks.abi.AbiToolsTask                              : loaded 2 times (x 318B)
Class org.jetbrains.kotlin.gradle.plugin.KotlinPluginLifecycleCoroutineContextElement : loaded 2 times (x 84B)
Class org.jetbrains.kotlin.gradle.dsl.PlatformSourceSetConventionsChecker             : loaded 2 times (x 74B)
Class org.jetbrains.kotlin.gradle.plugin.diagnostics.checkers.KotlinSourceSetTreeDependsOnMismatchChecker: loaded 2 times (x 74B)
Class org.jetbrains.kotlin.gradle.targets.CreateDefaultCompilationsSideEffectKt       : loaded 2 times (x 71B)
Class org.jetbrains.kotlin.gradle.plugin.mpp.SyncLanguageSettingsWithKotlinExtensionSetupActionKt: loaded 2 times (x 71B)
Class org.jetbrains.kotlin.statistics.metrics.NumericalMetrics                        : loaded 2 times (x 80B)
Class org.jetbrains.kotlin.gradle.plugin.VariantImplementationFactories$Companion$getProvider$2$1: loaded 2 times (x 79B)
Class com.google.common.collect.Sets$2                                                : loaded 2 times (x 139B)
Class [Lorg.gradle.api.internal.ClassPathProvider;                                    : loaded 2 times (x 69B)
Class org.gradle.api.internal.ClassPathProvider                                       : loaded 2 times (x 70B)
Class org.jetbrains.kotlin.konan.target.HostManager$targetValues$2                    : loaded 2 times (x 78B)
Class org.jetbrains.kotlin.gradle.plugin.diagnostics.checkers.UnusedSourceSetsChecker$runChecks$1: loaded 2 times (x 88B)
Class [Lorg.jetbrains.kotlin.konan.target.Family;                                     : loaded 2 times (x 69B)
Class org.jetbrains.kotlin.gradle.targets.js.npm.PeerNpmDependencyExtension           : loaded 2 times (x 70B)
Class org.jetbrains.kotlin.gradle.dsl.AndroidMainSourceSetConventionsChecker          : loaded 2 times (x 74B)
Class org.jetbrains.kotlin.gradle.plugin.diagnostics.checkers.WasmJsEnvironmentChecker$1: loaded 2 times (x 78B)
Class org.jetbrains.kotlin.gradle.targets.native.internal.SetupKotlinNativePlatformDependenciesAndStdlibKt$SetupKotlinNativeStdlibAndPlatformDependenciesImport$1: loaded 2 times (x 95B)
Class org.jetbrains.kotlin.gradle.targets.js.npm.NpmDependencyExtensionKt$AddNpmDependencyExtensionProjectSetupAction$1: loaded 2 times (x 74B)
Class org.jetbrains.kotlin.gradle.plugin.statistics.FlowActionBuildFusService         : loaded 2 times (x 84B)
Class org.jetbrains.kotlin.build.report.metrics.GradleBuildPerformanceMetric          : loaded 2 times (x 92B)
Class org.jetbrains.kotlin.gradle.internal.properties.PropertiesBuildService$NullableBooleanGradleProperty: loaded 2 times (x 76B)
Class [Lorg.objectweb.asm.AnnotationVisitor;                                          : loaded 2 times (x 69B)
Class com.google.common.collect.Sets$3                                                : loaded 2 times (x 139B)
Class com.google.common.cache.LocalCache$LocalLoadingCache                            : loaded 2 times (x 134B)
Class org.gradle.internal.service.UnknownServiceException                             : loaded 2 times (x 83B)
Class org.jetbrains.kotlin.gradle.internal.abi.AbiValidationLegacyDumpExtensionImpl   : loaded 2 times (x 82B)
Class org.jetbrains.kotlin.gradle.plugin.diagnostics.checkers.ComposePluginSuggestApplyChecker$runChecks$1: loaded 2 times (x 88B)
Class org.jetbrains.kotlin.konan.target.KonanTarget$TVOS_ARM64                        : loaded 2 times (x 78B)
Class org.jetbrains.kotlin.gradle.targets.js.npm.DefaultPeerNpmDependencyExtension    : loaded 2 times (x 141B)
Class org.jetbrains.kotlin.gradle.targets.android.internal.InternalKotlinTargetPreset : loaded 2 times (x 70B)
Class org.jetbrains.kotlin.gradle.plugin.KotlinPluginLifecycleKt                      : loaded 2 times (x 71B)
Class org.jetbrains.kotlin.gradle.plugin.diagnostics.checkers.WasmJsEnvironmentChecker$2: loaded 2 times (x 78B)
Class org.jetbrains.kotlin.gradle.plugin.mpp.AbstractKotlinTarget                     : loaded 2 times (x 150B)
Class org.jetbrains.kotlin.gradle.internal.properties.NativePropertiesLoader$kotlinNativeVersion$1: loaded 2 times (x 75B)
Class org.jetbrains.kotlin.gradle.plugin.VariantImplementationFactoriesConfigurator$Inject: loaded 2 times (x 96B)
Class org.jetbrains.kotlin.gradle.dsl.KotlinSingleTargetExtension                     : loaded 2 times (x 124B)
Class com.google.common.collect.Sets$4                                                : loaded 2 times (x 139B)
Class org.objectweb.asm.ModuleVisitor                                                 : loaded 2 times (x 81B)
Class com.google.common.cache.LocalCache$Strength$1                                   : loaded 2 times (x 81B)
Class org.jetbrains.kotlin.gradle.plugin.mpp.compilationImpl.KotlinCompilationTaskNamesContainer: loaded 2 times (x 72B)
Class org.jetbrains.kotlin.gradle.plugin.mpp.compilationImpl.factory.KotlinCompilationImplFactory$KotlinCompilerOptionsFactory: loaded 2 times (x 70B)
Class org.jetbrains.kotlin.gradle.internal.properties.PropertiesBuildServiceKt$propertyWithDeprecatedName$1: loaded 2 times (x 75B)
Class org.jetbrains.kotlin.gradle.targets.js.npm.NpmDependencyExtension               : loaded 2 times (x 70B)
Class org.jetbrains.kotlin.gradle.plugin.LanguageSettingsBuilder                      : loaded 2 times (x 70B)
Class org.jetbrains.kotlin.gradle.plugin.diagnostics.checkers.WasmWasiEnvironmentChecker: loaded 2 times (x 76B)
Class org.jetbrains.kotlin.gradle.plugin.diagnostics.checkers.WasmJsEnvironmentChecker$3: loaded 2 times (x 78B)
Class org.jetbrains.kotlin.gradle.targets.ConfigureBuildSideEffectKt                  : loaded 2 times (x 71B)
Class org.jetbrains.kotlin.gradle.plugin.BuildEventsListenerRegistryHolder$Companion  : loaded 2 times (x 71B)
Class org.jetbrains.kotlin.gradle.plugin.statistics.BuildFusService$Companion$registerIfAbsentImpl$generalConfigurationMetricsProvider$1: loaded 2 times (x 75B)
Class [Lorg.jetbrains.kotlin.statistics.metrics.StringMetrics;                        : loaded 2 times (x 69B)
Class org.jetbrains.kotlin.gradle.internal.properties.PropertiesBuildService$Inject   : loaded 2 times (x 96B)
Class com.google.common.util.concurrent.SettableFuture                                : loaded 2 times (x 114B)
Class com.google.common.cache.LocalCache$Strength$2                                   : loaded 2 times (x 81B)
Class org.jetbrains.kotlin.gradle.plugin.KotlinPluginLifecycle$ProjectConfigurationResult$Success: loaded 2 times (x 71B)
Class org.jetbrains.kotlin.gradle.internal.abi.AbiValidationExtensionImpl$variants$1  : loaded 2 times (x 75B)
Class org.jetbrains.kotlin.gradle.internal.abi.AbiValidationVariantSpecImpl           : loaded 2 times (x 86B)
Class org.jetbrains.kotlin.gradle.internal.StdlibDependencyManagementKt$configureStdlibVersionAlignment$1: loaded 2 times (x 75B)
Class org.jetbrains.kotlin.gradle.plugin.diagnostics.checkers.OverriddenKotlinNativeHomeChecker$allKonanMainSubdirectoriesExist$1$1: loaded 2 times (x 75B)
Class org.jetbrains.kotlin.gradle.dsl.PlatformSourceSetConventionsChecker$CheckedPlatformInfo: loaded 2 times (x 72B)
Class org.jetbrains.kotlin.gradle.plugin.diagnostics.checkers.WasmJsEnvironmentChecker$4: loaded 2 times (x 78B)
Class org.jetbrains.kotlin.gradle.plugin.mpp.KotlinUsages$KotlinCinteropDisambiguation: loaded 2 times (x 76B)
Class org.jetbrains.kotlin.gradle.plugin.KotlinPluginInMultipleProjectsHolder         : loaded 2 times (x 72B)
Class org.jetbrains.kotlin.gradle.report.BuildReportType$Companion                    : loaded 2 times (x 71B)
Class com.google.common.cache.LocalCache$Strength$3                                   : loaded 2 times (x 81B)
Class com.google.common.collect.MapDifference                                         : loaded 2 times (x 70B)
Class org.jetbrains.kotlin.gradle.plugin.mpp.compilationImpl.DefaultKotlinCompilationFriendPathsResolver$CompositeFriendArtifactResolver: loaded 2 times (x 75B)
Class org.jetbrains.kotlin.gradle.plugin.sources.FragmentConsistencyChecks$optInAnnotationsCheck$1: loaded 2 times (x 79B)
Class org.jetbrains.kotlin.gradle.plugin.mpp.AbstractKotlinCompilationToRunnableFiles : loaded 2 times (x 196B)
Class org.jetbrains.kotlin.gradle.artifacts.KotlinMetadataArtifactKt$KotlinMetadataArtifact$1: loaded 2 times (x 74B)
Class org.jetbrains.kotlin.gradle.plugin.mpp.KotlinUsages$KotlinMetadataCompatibility : loaded 2 times (x 76B)
Class [Lorg.jetbrains.kotlin.gradle.dsl.JvmTarget;                                    : loaded 2 times (x 69B)
Class org.jetbrains.kotlin.gradle.utils.ConfigurationsKt$maybeCreateResolvable$1      : loaded 2 times (x 78B)
Class org.jetbrains.kotlin.gradle.plugin.StatisticsBuildFlowManager$Companion         : loaded 2 times (x 71B)
Class org.jetbrains.kotlin.statistics.metrics.StringMetrics$Companion                 : loaded 2 times (x 71B)
Class org.jetbrains.kotlin.gradle.internal.properties.PropertiesBuildService$property$1$1: loaded 2 times (x 75B)
Class org.jetbrains.kotlin.tooling.core.Extras$Type                                   : loaded 2 times (x 72B)
Class org.objectweb.asm.FieldWriter                                                   : loaded 2 times (x 78B)
Class com.google.common.cache.CacheBuilder$NullListener                               : loaded 2 times (x 82B)
Class org.gradle.internal.classpath.TransformedClassPath                              : loaded 2 times (x 96B)
Class org.gradle.internal.classloader.InstrumentingClassLoader                        : loaded 2 times (x 70B)
Class com.google.common.collect.ImmutableRangeSet$AsSet                               : loaded 2 times (x 300B)
Class org.jetbrains.kotlin.gradle.plugin.sources.FragmentConsistencyChecks$optInAnnotationsCheck$2: loaded 2 times (x 78B)
Class org.jetbrains.kotlin.gradle.targets.NativeForwardImplementationToApiElementsSideEffectKt$special$$inlined$KotlinTargetSideEffect$1: loaded 2 times (x 74B)
Class org.jetbrains.kotlin.gradle.plugin.statistics.BuildFusServiceKt                 : loaded 2 times (x 71B)
Class org.jetbrains.kotlin.gradle.plugin.BuildFinishedListenerService$Companion       : loaded 2 times (x 71B)
Class org.jetbrains.kotlin.gradle.plugin.BuildFinishedListenerService                 : loaded 2 times (x 80B)
Class com.google.common.cache.CacheLoader$FunctionToCacheLoader                       : loaded 2 times (x 75B)
Class com.google.common.collect.Iterators$ArrayItr                                    : loaded 2 times (x 97B)
Class com.google.common.collect.ImmutableCollection$Builder                           : loaded 2 times (x 76B)
Class org.jetbrains.kotlin.gradle.tasks.configuration.TaskConfigAction                : loaded 2 times (x 72B)
Class com.google.common.base.Joiner                                                   : loaded 2 times (x 79B)
Class org.jetbrains.kotlin.gradle.plugin.diagnostics.checkers.OverriddenKotlinNativeHomeChecker$allKonanMainSubdirectoriesExist$1: loaded 2 times (x 75B)
Class org.jetbrains.kotlin.gradle.plugin.AbstractKotlinPlugin$Companion               : loaded 2 times (x 71B)
Class org.jetbrains.kotlin.gradle.plugin.KotlinSourceSetTree                          : loaded 2 times (x 72B)
Class org.jetbrains.kotlin.gradle.plugin.KotlinPluginLifecycle$Stage                  : loaded 2 times (x 79B)
Class [Lorg.jetbrains.kotlin.gradle.plugin.diagnostics.checkers.GradleDeprecatedPropertyChecker$DeprecatedProperty;: loaded 2 times (x 69B)
Class org.jetbrains.kotlin.gradle.plugin.mpp.compilationImpl.KotlinCreateResourcesTaskSideEffectKt$KotlinCreateResourcesTaskSideEffect$1: loaded 2 times (x 74B)
Class org.jetbrains.kotlin.gradle.targets.jvm.KotlinJvmTargetTestFixturesSideEffectKt : loaded 2 times (x 71B)
Class org.jetbrains.kotlin.gradle.plugin.sources.KotlinSourceSetFactory               : loaded 2 times (x 80B)
Class org.jetbrains.kotlin.gradle.targets.native.toolchain.KotlinNativeBundleBuildService$Parameters_Decorated: loaded 2 times (x 139B)
Class org.jetbrains.kotlin.gradle.internal.ClassLoadersCachingBuildService$Companion  : loaded 2 times (x 71B)
Class org.jetbrains.kotlin.gradle.internal.IdeaKt$isInIdeaSync$1                      : loaded 2 times (x 74B)
Class com.google.common.base.MoreObjects                                              : loaded 2 times (x 71B)
Class org.jetbrains.kotlin.gradle.utils.ProviderApiUtilsKt$mapOrNull$1$1              : loaded 2 times (x 75B)
Class org.jetbrains.kotlin.gradle.plugin.hierarchy.KotlinSourceSetTreeClassifier$Default: loaded 2 times (x 71B)
Class org.jetbrains.kotlin.gradle.plugin.mpp.InternalKotlinCompilationKt              : loaded 2 times (x 71B)
Class org.jetbrains.kotlin.gradle.tasks.configuration.AbstractKotlinCompileConfig     : loaded 2 times (x 72B)
Class org.jetbrains.kotlin.gradle.plugin.mpp.compilationImpl.KotlinCompilationImpl$attributes$2: loaded 2 times (x 79B)
Class org.jetbrains.kotlin.gradle.plugin.diagnostics.checkers.OverriddenKotlinNativeHomeChecker$StdlibExistenceCheckerValueSource: loaded 2 times (x 78B)
Class org.jetbrains.kotlin.gradle.plugin.StatisticsBuildFlowManager$subscribeForBuildResultAndConfigurationTimeMetrics$1$1: loaded 2 times (x 74B)
Class org.jetbrains.kotlin.build.report.metrics.GradleBuildTime                       : loaded 2 times (x 86B)
Class org.jetbrains.kotlin.gradle.utils.IsolatedKotlinClasspathClassCastException     : loaded 2 times (x 82B)
Class com.google.common.collect.Platform                                              : loaded 2 times (x 71B)
Class [Lorg.objectweb.asm.Type;                                                       : loaded 2 times (x 69B)
Class com.google.common.collect.UnmodifiableIterator                                  : loaded 2 times (x 80B)
Class org.gradle.internal.service.ServiceLocator                                      : loaded 2 times (x 70B)
Class org.jetbrains.kotlin.gradle.utils.GradleAttributesContainerUtilsKt$copyAttributeTo$1: loaded 2 times (x 79B)
Class org.jetbrains.kotlin.gradle.plugin.abi.AbiValidationTaskSet$setClasspath$1      : loaded 2 times (x 75B)
Class org.jetbrains.kotlin.gradle.plugin.hierarchy.KotlinSourceSetTreeClassifierKt$classify$1: loaded 2 times (x 88B)
Class com.google.common.collect.SingletonImmutableBiMap                               : loaded 2 times (x 143B)
Class [Lorg.jetbrains.kotlin.konan.target.KonanTarget;                                : loaded 2 times (x 69B)
Class org.jetbrains.kotlin.gradle.plugin.diagnostics.checkers.WasmSourceSetsNotFoundChecker: loaded 2 times (x 74B)
Class org.jetbrains.kotlin.gradle.plugin.diagnostics.checkers.AndroidSourceSetLayoutV1SourceSetsNotFoundChecker$androidSourceSetRegex$2: loaded 2 times (x 78B)
Class org.jetbrains.kotlin.gradle.plugin.statistics.KotlinBuildStatsLoggerService$Companion: loaded 2 times (x 71B)
Class com.google.common.base.Ascii                                                    : loaded 2 times (x 71B)
Class com.google.common.cache.LocalCache$1                                            : loaded 2 times (x 89B)
Class com.google.common.collect.Iterators$SingletonIterator                           : loaded 2 times (x 81B)
Class com.google.common.collect.AbstractMapEntry                                      : loaded 2 times (x 81B)
Class org.jetbrains.kotlin.gradle.plugin.abi.AbiValidationTaskSet$setClasspath$2      : loaded 2 times (x 75B)
Class org.jetbrains.kotlin.gradle.plugin.KotlinCompilationWithResources               : loaded 2 times (x 70B)
Class com.google.common.collect.Sets$ImprovedAbstractSet                              : loaded 2 times (x 135B)
Class com.google.common.collect.ImmutableList$Builder                                 : loaded 2 times (x 77B)
Class org.jetbrains.kotlin.gradle.plugin.KotlinTargetPreset                           : loaded 2 times (x 70B)
Class org.jetbrains.kotlin.gradle.plugin.diagnostics.checkers.KotlinTargetAlreadyDeclaredChecker: loaded 2 times (x 74B)
Class org.jetbrains.kotlin.gradle.plugin.mpp.compilationImpl.KotlinCompilationProcessorSideEffectKt: loaded 2 times (x 71B)
Class org.jetbrains.kotlin.gradle.utils.FileUtilsKt$localProperties$1                 : loaded 2 times (x 75B)
Class org.jetbrains.kotlin.gradle.dsl.HasConfigurableKotlinCompilerOptions            : loaded 2 times (x 70B)
Class com.google.common.collect.AbstractMultimap                                      : loaded 2 times (x 123B)
Class com.google.common.cache.LocalCache$2                                            : loaded 2 times (x 142B)
Class org.jetbrains.kotlin.gradle.plugin.statistics.KotlinProjectConfigurationMetrics : loaded 2 times (x 71B)
Class org.jetbrains.kotlin.gradle.plugin.KotlinCompilationInfo$TCS                    : loaded 2 times (x 89B)
Class com.google.common.collect.ImmutableRangeSet$1                                   : loaded 2 times (x 210B)
Class org.jetbrains.kotlin.gradle.tasks.abi.KotlinLegacyAbiCheckTaskImpl              : loaded 2 times (x 327B)
Class org.jetbrains.kotlin.gradle.plugin.mpp.HasBinaries                              : loaded 2 times (x 70B)
Class org.jetbrains.kotlin.gradle.dsl.KotlinCommonOptions                             : loaded 2 times (x 70B)
Class org.jetbrains.kotlin.gradle.plugin.mpp.compilationImpl.KotlinCreateSourcesJarTaskSideEffectKt: loaded 2 times (x 71B)
Class org.jetbrains.kotlin.gradle.dsl.KotlinJvmProjectExtension                       : loaded 2 times (x 147B)
Class org.jetbrains.kotlin.gradle.plugin.KotlinGradlePluginExtensionPointInternalKt   : loaded 2 times (x 71B)
Class org.jetbrains.kotlin.gradle.targets.native.toolchain.UsesKotlinNativeBundleBuildService: loaded 2 times (x 70B)
Class org.jetbrains.kotlin.gradle.plugin.KotlinCompilerArgumentsProducer              : loaded 2 times (x 70B)
Class org.jetbrains.kotlin.build.report.metrics.ValueType                             : loaded 2 times (x 79B)
Class com.google.common.collect.RegularImmutableAsList                                : loaded 2 times (x 217B)
Class org.jetbrains.kotlin.gradle.internal.tasks.ProducesKlib                         : loaded 2 times (x 70B)
Class org.jetbrains.kotlin.gradle.tasks.configuration.BaseKotlinCompileConfig$1$classpathConfiguration$1: loaded 2 times (x 75B)
Class com.google.common.collect.Range                                                 : loaded 2 times (x 87B)
Class org.jetbrains.kotlin.gradle.tasks.abi.KotlinLegacyAbiUpdateTask                 : loaded 2 times (x 315B)
Class org.jetbrains.kotlin.gradle.targets.js.npm.NpmDependencyExtensionDelegate       : loaded 2 times (x 167B)
Class org.jetbrains.kotlin.gradle.plugin.sources.FragmentConsistencyChecker           : loaded 2 times (x 72B)
Class org.jetbrains.kotlin.gradle.targets.native.internal.SetupKotlinNativePlatformDependenciesAndStdlibKt$SetupKotlinNativePlatformDependenciesAndStdlib$1: loaded 2 times (x 74B)
Class org.jetbrains.kotlin.gradle.dsl.DefaultToolchainSupport_Decorated               : loaded 2 times (x 120B)
Class org.jetbrains.kotlin.gradle.internal.properties.NativePropertiesLoader$jvmArgs$1: loaded 2 times (x 75B)
Class org.jetbrains.kotlin.gradle.report.BuildMetricsService$Companion                : loaded 2 times (x 71B)
Class org.jetbrains.kotlin.gradle.tasks.KotlinCompileTool                             : loaded 2 times (x 70B)
Class org.jetbrains.kotlin.gradle.plugin.VariantImplementationFactories$Parameters_Decorated: loaded 2 times (x 130B)
Class org.jetbrains.kotlin.gradle.plugin.PropertiesProvider$PropertyNames             : loaded 2 times (x 71B)
Class org.jetbrains.kotlin.gradle.utils.SingleAction$PerformedActions                 : loaded 2 times (x 72B)
Class org.jetbrains.kotlin.gradle.utils.GradleUtilsKt                                 : loaded 2 times (x 71B)
Class org.jetbrains.kotlin.gradle.plugin.HasProject                                   : loaded 2 times (x 70B)
Class com.google.common.util.concurrent.AbstractFuture$Trusted                        : loaded 2 times (x 70B)
Class com.google.common.collect.Iterators                                             : loaded 2 times (x 71B)
Class org.jetbrains.kotlin.gradle.tasks.configuration.BaseKotlinCompileConfig         : loaded 2 times (x 72B)
Class org.jetbrains.kotlin.gradle.plugin.mpp.compilationImpl.factory.KotlinCompilationImplFactory$KotlinCompilationTaskNamesContainerFactory: loaded 2 times (x 70B)
Class org.jetbrains.kotlin.gradle.internal.KotlinDependenciesManagementKt$CustomizeKotlinDependenciesSetupAction$1$coreLibrariesVersion$1: loaded 2 times (x 79B)
Class org.jetbrains.kotlin.gradle.plugin.diagnostics.checkers.AndroidPublicationNotConfiguredChecker$runChecks$1: loaded 2 times (x 88B)
Class org.jetbrains.kotlin.gradle.plugin.diagnostics.checkers.CInteropInputChecker$runChecks$1: loaded 2 times (x 88B)
Class org.jetbrains.kotlin.gradle.plugin.diagnostics.ToolingDiagnosticRenderingOptionsKt$isAttachedToTerminal$1: loaded 2 times (x 74B)
Class org.jetbrains.kotlin.gradle.ExperimentalKotlinGradlePluginApi                   : loaded 2 times (x 70B)
Class org.jetbrains.kotlin.gradle.internal.properties.NativePropertiesLoader          : loaded 2 times (x 86B)
Class [Lorg.jetbrains.kotlin.build.report.metrics.BuildTime;                          : loaded 2 times (x 69B)
Class org.jetbrains.kotlin.statistics.metrics.NumberAnonymizationPolicy$SAFE          : loaded 2 times (x 85B)
Class org.jetbrains.kotlin.gradle.plugin.statistics.BuildFusService                   : loaded 2 times (x 84B)
Class org.jetbrains.kotlin.gradle.dsl.KotlinAndroidProjectExtension                   : loaded 2 times (x 139B)
Class com.google.common.collect.Lists$StringAsImmutableList                           : loaded 2 times (x 207B)
Class com.google.common.util.concurrent.UncheckedExecutionException                   : loaded 2 times (x 82B)
Class org.jetbrains.kotlin.gradle.plugin.diagnostics.checkers.CInteropInputChecker$runChecks$2: loaded 2 times (x 75B)
Class org.jetbrains.kotlin.gradle.tasks.configuration.KaptGenerateStubsConfig$Companion: loaded 2 times (x 71B)
Class org.jetbrains.kotlin.gradle.internal.KotlinTestDependencyManagementKt$maybeAddTestDependencyCapability$1: loaded 2 times (x 75B)
Class org.jetbrains.kotlin.gradle.dsl.abi.AbiValidationLegacyDumpExtension            : loaded 2 times (x 70B)
Class org.jetbrains.kotlin.gradle.plugin.diagnostics.CheckKotlinGradlePluginConfigurationErrorsKt: loaded 2 times (x 71B)
Class org.jetbrains.kotlin.gradle.plugin.diagnostics.ToolingDiagnosticRenderingOptionsKt$isAttachedToTerminal$2: loaded 2 times (x 74B)
Class org.jetbrains.kotlin.gradle.targets.js.npm.NpmDependencyExtensionKt$AddNpmDependencyExtensionProjectSetupAction$1$WhenMappings: loaded 2 times (x 71B)
Class org.jetbrains.kotlin.gradle.plugin.mpp.KotlinJvmAndroidCompilation              : loaded 2 times (x 198B)
Class org.jetbrains.kotlin.gradle.targets.CreateDefaultCompilationsSideEffectKt$CreateDefaultCompilationsSideEffect$1: loaded 2 times (x 74B)
Class org.jetbrains.kotlin.gradle.targets.native.internal.AddKotlinPlatformIntegersSupportLibraryKt$AddKotlinPlatformIntegersSupportLibrary$1: loaded 2 times (x 95B)
Class org.jetbrains.kotlin.gradle.plugin.mpp.ApplyUserDefinedAttributesKt             : loaded 2 times (x 71B)
Class org.jetbrains.kotlin.gradle.utils.FutureImpl                                    : loaded 2 times (x 80B)
Class org.jetbrains.kotlin.gradle.internal.properties.NativePropertiesLoader$isToolchainEnabled$1: loaded 2 times (x 75B)
Class [Lorg.jetbrains.kotlin.statistics.metrics.NumericalMetrics;                     : loaded 2 times (x 69B)
Class org.gradle.internal.InternalTransformer                                         : loaded 2 times (x 70B)
Class org.jetbrains.kotlin.gradle.tasks.CompileUsingKotlinDaemonWithNormalization     : loaded 2 times (x 70B)
Class org.jetbrains.kotlin.gradle.plugin.mpp.compilationImpl.factory.KotlinCompilationImplFactory$PostConfigure$Companion: loaded 2 times (x 71B)
Class com.google.common.collect.AbstractMapBasedMultimap$KeySet$1                     : loaded 2 times (x 82B)
Class org.jetbrains.kotlin.gradle.internal.KotlinDomApiDependencyManagementKt$configureKotlinDomApiDefaultDependency$1: loaded 2 times (x 79B)
Class org.jetbrains.kotlin.gradle.targets.js.npm.DefaultDevNpmDependencyExtension     : loaded 2 times (x 145B)
Class [Lorg.jetbrains.kotlin.gradle.plugin.HasKotlinDependencies;                     : loaded 2 times (x 69B)
Class org.jetbrains.kotlin.gradle.tasks.DefaultKotlinJavaToolchain$Companion$wireJvmTargetToToolchain$1: loaded 2 times (x 75B)
Class org.jetbrains.kotlin.gradle.plugin.diagnostics.checkers.JsLikeEnvironmentChecker: loaded 2 times (x 76B)
Class org.jetbrains.kotlin.gradle.plugin.KotlinPlatformType                           : loaded 2 times (x 82B)
Class org.jetbrains.kotlin.gradle.internal.properties.PropertiesBuildServiceKt        : loaded 2 times (x 71B)
Class org.jetbrains.kotlin.gradle.plugin.KotlinGradleBuildServices$Companion          : loaded 2 times (x 71B)
Class org.objectweb.asm.ClassWriter                                                   : loaded 2 times (x 106B)
Class com.google.common.base.CharMatcher$And                                          : loaded 2 times (x 112B)
Class com.google.common.cache.CacheLoader$UnsupportedLoadingOperationException        : loaded 2 times (x 82B)
Class org.gradle.internal.classloader.ClasspathUtil$1                                 : loaded 2 times (x 76B)
Class com.google.common.collect.AbstractMapBasedMultimap$Itr                          : loaded 2 times (x 83B)
Class org.jetbrains.kotlin.gradle.plugin.diagnostics.ToolingDiagnosticRenderingOptions$Companion: loaded 2 times (x 71B)
Class org.jetbrains.kotlin.gradle.dsl.KotlinJvmCompilerOptionsHelper                  : loaded 2 times (x 71B)
Class org.jetbrains.kotlin.gradle.tasks.DefaultKotlinJavaToolchain$Companion$wireJvmTargetToToolchain$2: loaded 2 times (x 75B)
Class org.jetbrains.kotlin.gradle.plugin.diagnostics.DiagnosticGroup$KotlinDiagnosticGroup: loaded 2 times (x 81B)
Class org.jetbrains.kotlin.gradle.plugin.ProjectLocalConfigurations$ProjectLocalDisambiguation: loaded 2 times (x 76B)
Class org.jetbrains.kotlin.gradle.plugin.mpp.apple.swiftexport.internal.SwiftExportInitKt: loaded 2 times (x 71B)
Class org.jetbrains.kotlin.gradle.internal.properties.PropertiesBuildService$NullableStringGradleProperty: loaded 2 times (x 76B)
Class org.jetbrains.kotlin.gradle.targets.native.KonanPropertiesBuildService          : loaded 2 times (x 76B)
Class org.jetbrains.kotlin.gradle.plugin.KotlinGradleBuildServices$detectKotlinPluginLoadedInMultipleProjects$onRegister$1$1: loaded 2 times (x 75B)
Class org.jetbrains.kotlin.gradle.plugin.internal.ConfigurationCacheStartParameterAccessor$Factory: loaded 2 times (x 70B)
Class org.objectweb.asm.FieldVisitor                                                  : loaded 2 times (x 77B)
Class com.google.common.collect.IndexedImmutableSet                                   : loaded 2 times (x 152B)
Class com.google.common.collect.BiMap                                                 : loaded 2 times (x 70B)
Class com.google.common.collect.ImmutableMap$1                                        : loaded 2 times (x 81B)
Class org.gradle.api.internal.classpath.DefaultModuleRegistry$DefaultModule           : loaded 2 times (x 86B)
Class org.jetbrains.kotlin.gradle.plugin.mpp.compilationImpl.KotlinCompilationSourceSetInclusion$DefaultAddSourcesToCompileTask$addSources$1: loaded 2 times (x 79B)
Class org.jetbrains.kotlin.gradle.plugin.diagnostics.checkers.WasmSourceSetsNotFoundChecker$wasmSourceSetRegex$2: loaded 2 times (x 78B)
Class org.jetbrains.kotlin.gradle.plugin.mpp.compilationImpl.KotlinCompilationSideEffect: loaded 2 times (x 70B)
Class org.jetbrains.kotlin.gradle.plugin.KotlinGradlePluginExtensionPoint             : loaded 2 times (x 70B)
Class org.jetbrains.kotlin.tooling.core.ExtrasUtilsKt                                 : loaded 2 times (x 71B)
Class org.jetbrains.kotlin.buildtools.api.ExperimentalBuildToolsApi                   : loaded 2 times (x 70B)
Class org.jetbrains.kotlin.gradle.targets.native.KonanPropertiesBuildService$Companion$registerIfAbsent$2$1$1: loaded 2 times (x 75B)
Class org.jetbrains.kotlin.gradle.internal.IsInIdeaSyncValueSource$Inject             : loaded 2 times (x 109B)
Class org.jetbrains.kotlin.gradle.utils.ResourceUtilsKt                               : loaded 2 times (x 71B)
Class org.jetbrains.kotlin.gradle.plugin.KotlinPluginWrapperKt$kotlinPluginVersionFromResources$1: loaded 2 times (x 78B)
Class com.google.common.primitives.Ints                                               : loaded 2 times (x 71B)
Class com.google.common.collect.AbstractIterator                                      : loaded 2 times (x 82B)
Class org.jetbrains.kotlin.gradle.plugin.mpp.KotlinTargetSoftwareComponentImplKt$KotlinTargetSoftwareComponent$1$1$1: loaded 2 times (x 75B)
Class org.jetbrains.kotlin.gradle.tasks.configuration.KaptGenerateStubsConfig$Companion$configureLibraries$1: loaded 2 times (x 79B)
Class org.jetbrains.kotlin.gradle.plugin.mpp.compilationImpl.KotlinCompilationSourceSetInclusion$DefaultAddSourcesToCompileTask$addSources$2: loaded 2 times (x 79B)
Class org.jetbrains.kotlin.gradle.tasks.AbstractKotlinCompile                         : loaded 2 times (x 455B)
Class org.jetbrains.kotlin.gradle.plugin.KotlinCompilationOutput                      : loaded 2 times (x 70B)
Class com.google.common.collect.ObjectArrays                                          : loaded 2 times (x 71B)
Class org.jetbrains.kotlin.gradle.plugin.diagnostics.CheckKotlinGradlePluginConfigurationErrorsKt$addDependsOnFromTasksThatShouldFailWhenErrorsReported$1: loaded 2 times (x 75B)
Class org.jetbrains.kotlin.konan.target.KonanTarget$TVOS_X64                          : loaded 2 times (x 78B)
Class org.jetbrains.kotlin.gradle.plugin.diagnostics.KotlinToolingDiagnosticsSetupActionKt: loaded 2 times (x 71B)
Class org.jetbrains.kotlin.gradle.targets.native.KonanPropertiesBuildService$Parameters_Decorated: loaded 2 times (x 130B)
Class org.jetbrains.kotlin.gradle.plugin.KotlinGradleBuildServices$Parameters$Inject  : loaded 2 times (x 106B)
Class org.jetbrains.kotlin.gradle.fus.BuildUidService$Inject                          : loaded 2 times (x 100B)
Class org.jetbrains.kotlin.gradle.plugin.KotlinPluginWrapperKt$kotlinPluginVersionFromResources$1$1: loaded 2 times (x 71B)
Class com.google.common.math.MathPreconditions                                        : loaded 2 times (x 71B)
Class com.google.common.collect.Multiset                                              : loaded 2 times (x 70B)
Class com.google.common.collect.ArrayListMultimapGwtSerializationDependencies         : loaded 2 times (x 172B)
Class com.google.common.collect.AbstractIndexedListIterator                           : loaded 2 times (x 96B)
Class org.jetbrains.kotlin.gradle.plugin.attributes.KlibPackaging$Companion           : loaded 2 times (x 71B)
Class org.jetbrains.kotlin.tooling.core.Extras$Entry                                  : loaded 2 times (x 72B)
Class org.jetbrains.kotlin.gradle.plugin.sources.InternalKotlinSourceSetKt            : loaded 2 times (x 71B)
Class org.jetbrains.kotlin.gradle.utils.WhenEvaluatedKt$whenEvaluated$3               : loaded 2 times (x 79B)
Class org.jetbrains.kotlin.gradle.internal.Kapt3GradleSubplugin$Kapt3SubpluginContext : loaded 2 times (x 72B)
Class org.jetbrains.kotlin.gradle.artifacts.KotlinTargetArtifact                      : loaded 2 times (x 70B)
Class org.jetbrains.kotlin.gradle.dsl.KotlinJvmCompilerOptionsDefault_Decorated       : loaded 2 times (x 167B)
Class org.jetbrains.kotlin.gradle.plugin.HasKotlinDependencies                        : loaded 2 times (x 70B)
Class org.jetbrains.kotlin.gradle.internal.ClassLoadersCachingBuildService$Parameters_Decorated: loaded 2 times (x 130B)
Class org.jetbrains.kotlin.gradle.targets.native.toolchain.KotlinNativeBundleBuildService$Companion: loaded 2 times (x 71B)
Class org.jetbrains.kotlin.gradle.plugin.BuildEventsListenerRegistryHolder_Decorated  : loaded 2 times (x 115B)
Class org.jetbrains.kotlin.gradle.plugin.StatisticsBuildFlowManager$subscribeForBuildResultAndConfigurationTimeMetrics$1: loaded 2 times (x 75B)
Class org.jetbrains.kotlin.gradle.plugin.statistics.MetricContainer                   : loaded 2 times (x 72B)
Class org.jetbrains.kotlin.gradle.plugin.statistics.old.Pre232IdeaKotlinBuildStatsMXBean: loaded 2 times (x 70B)
Class org.jetbrains.kotlin.gradle.plugin.statistics.KotlinBuildStatsServicesRegistry  : loaded 2 times (x 78B)
Class org.jetbrains.kotlin.gradle.plugin.VariantImplementationFactoriesConfigurator   : loaded 2 times (x 76B)
Class com.google.common.collect.ImmutableMapEntrySet                                  : loaded 2 times (x 152B)
Class org.gradle.api.internal.classpath.Module                                        : loaded 2 times (x 70B)
Class org.jetbrains.kotlin.gradle.internal.transforms.BuildToolsApiClasspathEntrySnapshotTransform$Parameters_Decorated: loaded 2 times (x 153B)
Class org.jetbrains.kotlin.gradle.plugin.mpp.compilationImpl.KotlinCompilationSourceSetInclusion$Companion$includedSourceSets$2: loaded 2 times (x 78B)
Class org.jetbrains.kotlin.gradle.utils.WhenEvaluatedKt$whenEvaluated$4               : loaded 2 times (x 75B)
Class org.jetbrains.kotlin.gradle.plugin.diagnostics.KotlinToolingDiagnosticsSetupActionKt$KotlinToolingDiagnosticsSetupAction$1$1: loaded 2 times (x 75B)
Class org.jetbrains.kotlin.gradle.targets.js.npm.NpmDirectoryDependencyWithExternalsExtension: loaded 2 times (x 70B)
Class org.jetbrains.kotlin.gradle.plugin.KotlinProjectSetupAction                     : loaded 2 times (x 70B)
Class org.jetbrains.kotlin.gradle.plugin.KotlinGradleFinishBuildHandler$Companion     : loaded 2 times (x 71B)
Class org.jetbrains.kotlin.gradle.internal.IsInIdeaSyncValueSource                    : loaded 2 times (x 78B)
Class com.google.common.cache.Weigher                                                 : loaded 2 times (x 70B)
Class org.gradle.api.internal.classpath.UnknownModuleException                        : loaded 2 times (x 82B)
Class org.jetbrains.kotlin.gradle.plugin.mpp.InternalKotlinTargetComponentKt          : loaded 2 times (x 71B)
Class org.jetbrains.kotlin.gradle.plugin.mpp.InternalKotlinTarget$DefaultImpls        : loaded 2 times (x 71B)
Class org.jetbrains.kotlin.gradle.plugin.KotlinPluginLifecycleImpl$executeCurrentStageAndScheduleNext$3: loaded 2 times (x 75B)
Class org.jetbrains.kotlin.gradle.plugin.mpp.compilationImpl.KotlinCompilationRegisterInSourceSetsConfigurator$configure$1: loaded 2 times (x 79B)
Class org.jetbrains.kotlin.gradle.plugin.diagnostics.KotlinToolingDiagnosticsSetupActionKt$KotlinToolingDiagnosticsSetupAction$1$2: loaded 2 times (x 95B)
Class org.jetbrains.kotlin.gradle.targets.js.npm.NpmDependencyWithExternalsExtension  : loaded 2 times (x 70B)
Class org.jetbrains.kotlin.gradle.plugin.diagnostics.KotlinToolingDiagnosticsCollector$Parameter$Inject: loaded 2 times (x 106B)
Class org.jetbrains.kotlin.gradle.plugin.mpp.KotlinUsageContext                       : loaded 2 times (x 70B)
Class org.jetbrains.kotlin.gradle.plugin.KotlinTargetsContainer                       : loaded 2 times (x 70B)
Class org.jetbrains.kotlin.compilerRunner.GradleCliCommonizerKt                       : loaded 2 times (x 71B)
Class org.jetbrains.kotlin.gradle.utils.ConfigurationsKt                              : loaded 2 times (x 71B)
Class org.jetbrains.kotlin.gradle.plugin.StatisticsBuildFlowManager                   : loaded 2 times (x 72B)
Class org.jetbrains.kotlin.gradle.plugin.statistics.BuildFusService$Parameters        : loaded 2 times (x 70B)
Class org.jetbrains.kotlin.gradle.plugin.diagnostics.DefaultProblemsReporter$Factory  : loaded 2 times (x 76B)
Class org.jetbrains.kotlin.gradle.plugin.PluginWrappersKt                             : loaded 2 times (x 71B)
Class com.google.common.base.Stopwatch                                                : loaded 2 times (x 72B)
Class com.google.common.cache.LocalCache$Strength                                     : loaded 2 times (x 81B)
Class com.google.common.cache.Cache                                                   : loaded 2 times (x 70B)
Class org.jetbrains.kotlin.gradle.plugin.mpp.InternalKotlinTargetKt                   : loaded 2 times (x 71B)
Class org.jetbrains.kotlin.gradle.plugin.diagnostics.KotlinToolingDiagnosticsSetupActionKt$KotlinToolingDiagnosticsSetupAction$1$3: loaded 2 times (x 75B)
Class org.jetbrains.kotlin.gradle.targets.js.dsl.KotlinTargetWithNodeJsDsl            : loaded 2 times (x 70B)
Class org.jetbrains.kotlin.gradle.plugin.sources.DefaultKotlinSourceSetKt$defaultSourceSetLanguageSettingsChecker$1: loaded 2 times (x 78B)
Class org.jetbrains.kotlin.gradle.plugin.sources.InternalKotlinSourceSet              : loaded 2 times (x 70B)
Class org.jetbrains.kotlin.gradle.plugin.KotlinJvmPlugin                              : loaded 2 times (x 79B)
Class org.jetbrains.kotlin.gradle.plugin.mpp.SyncLanguageSettingsWithKotlinExtensionSetupActionKt$SyncLanguageSettingsWithKotlinExtensionSetupAction$1: loaded 2 times (x 95B)
Class org.jetbrains.kotlin.gradle.dsl.KotlinGradlePluginPublicDsl                     : loaded 2 times (x 70B)
Class org.jetbrains.kotlin.gradle.internal.properties.NativeProperties                : loaded 2 times (x 70B)
Class org.jetbrains.kotlin.gradle.fus.internal.SynchronizedConfigurationMetrics       : loaded 2 times (x 72B)
Class org.jetbrains.kotlin.statistics.BuildSessionLogger                              : loaded 2 times (x 77B)
Class org.jetbrains.kotlin.gradle.plugin.internal.ConfigurationCacheStartParameterAccessor: loaded 2 times (x 70B)
Class org.jetbrains.kotlin.gradle.internal.diagnostics.GradleCompatibilityCheck$DefaultCurrentGradleVersionProvider: loaded 2 times (x 74B)
Class org.jetbrains.kotlin.gradle.dsl.KotlinBaseExtension                             : loaded 2 times (x 70B)
Class com.google.common.util.concurrent.AbstractFuture$Cancellation                   : loaded 2 times (x 72B)
Class com.google.common.collect.ImmutableMap$Builder                                  : loaded 2 times (x 82B)
Class org.jetbrains.kotlin.gradle.utils.FutureKt$future$2$1                           : loaded 2 times (x 95B)
Class org.jetbrains.kotlin.gradle.plugin.diagnostics.DefaultProblemsReporter$logger$2 : loaded 2 times (x 79B)
Class org.jetbrains.kotlin.gradle.plugin.diagnostics.DefaultProblemsReporter          : loaded 2 times (x 76B)
Class [Lorg.jetbrains.kotlin.gradle.plugin.statistics.plugins.ObservablePlugins;      : loaded 2 times (x 69B)
Class org.jetbrains.kotlin.gradle.plugin.internal.BuildIdService$Companion$registerIfAbsent$1$1: loaded 2 times (x 75B)
Class org.jetbrains.kotlin.gradle.internal.abi.AbiValidationExtensionImpl             : loaded 2 times (x 90B)
Class org.jetbrains.kotlin.konan.target.KonanTarget$IOS_ARM64                         : loaded 2 times (x 78B)
Class org.jetbrains.kotlin.gradle.targets.js.dsl.KotlinWasmTargetDsl                  : loaded 2 times (x 70B)
Class org.jetbrains.kotlin.gradle.plugin.diagnostics.checkers.DisabledCinteropCommonizationInHmppProjectChecker$runChecks$1: loaded 2 times (x 88B)
Class org.jetbrains.kotlin.gradle.plugin.sources.ConsistencyCheck                     : loaded 2 times (x 72B)
Class org.jetbrains.kotlin.gradle.plugin.sources.DefaultKotlinSourceSetKt$defaultSourceSetLanguageSettingsChecker$2: loaded 2 times (x 78B)
Class org.jetbrains.kotlin.gradle.plugin.diagnostics.KotlinToolingDiagnosticsCollectorKt$kotlinToolingDiagnosticsCollectorProvider$1$execute$$inlined$variantImplementationFactoryProvider$1: loaded 2 times (x 74B)
Class org.jetbrains.kotlin.gradle.dsl.KotlinCommonToolOptions                         : loaded 2 times (x 70B)
Class org.jetbrains.kotlin.gradle.plugin.AbstractKotlinPlugin                         : loaded 2 times (x 78B)
Class org.jetbrains.kotlin.gradle.tasks.DefaultKotlinJavaToolchain$Companion$wireJvmTargetToJvm$1: loaded 2 times (x 75B)
Class org.jetbrains.kotlin.gradle.plugin.diagnostics.checkers.ComposePluginSuggestApplyChecker: loaded 2 times (x 74B)
Class org.jetbrains.kotlin.gradle.dsl.KotlinMultiplatformExtension                    : loaded 2 times (x 603B)
Class org.jetbrains.kotlin.gradle.plugin.BuildFinishAndConfigurationTimeMetricsFlowAction: loaded 2 times (x 74B)
Class org.jetbrains.kotlin.gradle.plugin.PropertiesProvider$booleanProvider$1         : loaded 2 times (x 74B)
Class com.google.common.cache.RemovalListener                                         : loaded 2 times (x 70B)
Class org.gradle.api.internal.DefaultClassPathRegistry                                : loaded 2 times (x 76B)
Class org.jetbrains.kotlin.gradle.plugin.mpp.KotlinTargetSoftwareComponentImplKt$KotlinTargetSoftwareComponent$1$1$configuration$1: loaded 2 times (x 79B)
Class org.jetbrains.kotlin.gradle.internal.abi.AbiValidationExtensionKt               : loaded 2 times (x 71B)
Class org.jetbrains.kotlin.gradle.targets.js.npm.DefaultPeerNpmDependencyExtension$delegate$1: loaded 2 times (x 167B)
Class org.jetbrains.kotlin.gradle.targets.js.npm.NpmDependency                        : loaded 2 times (x 86B)
Class org.jetbrains.kotlin.gradle.targets.js.npm.DefaultNpmDependencyExtension        : loaded 2 times (x 152B)
Class org.jetbrains.kotlin.gradle.targets.js.npm.NpmDependency$Scope                  : loaded 2 times (x 79B)
Class org.jetbrains.kotlin.gradle.plugin.sources.FragmentConsistencyChecks$unstableFeaturesCheck$1: loaded 2 times (x 79B)
Class org.jetbrains.kotlin.gradle.plugin.sources.DefaultKotlinSourceSet               : loaded 2 times (x 141B)
Class org.jetbrains.kotlin.gradle.plugin.diagnostics.KotlinToolingDiagnosticsCollector$Parameter_Decorated: loaded 2 times (x 130B)
Class org.jetbrains.kotlin.gradle.plugin.diagnostics.checkers.AndroidSourceSetLayoutV1SourceSetsNotFoundChecker: loaded 2 times (x 74B)
Class org.jetbrains.kotlin.gradle.utils.ConfigurationsKt$sam$org_gradle_api_Action$0  : loaded 2 times (x 75B)
Class org.jetbrains.kotlin.gradle.plugin.diagnostics.ProblemsReporter                 : loaded 2 times (x 70B)
Class org.jetbrains.kotlin.gradle.plugin.VariantImplementationFactories$Parameters    : loaded 2 times (x 70B)
Class org.jetbrains.kotlin.gradle.plugin.internal.JavaExecTaskParametersCompatibility$Factory: loaded 2 times (x 70B)
Class com.google.common.primitives.IntsMethodsForWeb                                  : loaded 2 times (x 71B)
Class com.google.common.collect.Multimap                                              : loaded 2 times (x 70B)
Class org.gradle.api.internal.ClassPathRegistry                                       : loaded 2 times (x 70B)
Class org.gradle.internal.classpath.DefaultClassPath$ImmutableUniqueList              : loaded 2 times (x 199B)
Class org.jetbrains.kotlin.gradle.plugin.KotlinCompilation$DefaultImpls               : loaded 2 times (x 71B)
Class org.jetbrains.kotlin.gradle.utils.ProviderApiUtilsKt$providerWithLazyConvention$1: loaded 2 times (x 74B)
Class org.jetbrains.kotlin.konan.target.KonanTarget$Companion$predefinedTargets$2     : loaded 2 times (x 78B)
Class org.jetbrains.kotlin.gradle.plugin.sources.FragmentConsistencyChecks$unstableFeaturesCheck$2: loaded 2 times (x 78B)
Class org.jetbrains.kotlin.gradle.targets.native.KonanPropertiesBuildService$Companion$registerIfAbsent$1: loaded 2 times (x 75B)
Class org.jetbrains.kotlin.gradle.plugin.diagnostics.KotlinToolingDiagnostics$WasmWasiEnvironmentNotChosenExplicitly: loaded 2 times (x 73B)
Class org.jetbrains.kotlin.gradle.plugin.diagnostics.DiagnosticGroup$Kgp              : loaded 2 times (x 82B)
Class org.jetbrains.kotlin.gradle.artifacts.KotlinNativeKlibArtifactKt$KotlinNativeKlibArtifact$1: loaded 2 times (x 74B)
Class org.jetbrains.kotlin.gradle.dsl.KotlinCommonCompilerOptionsDefault              : loaded 2 times (x 96B)
Class org.jetbrains.kotlin.gradle.dsl.KotlinCommonCompilerToolOptionsDefault          : loaded 2 times (x 84B)
Class org.jetbrains.kotlin.gradle.internal.properties.NativePropertiesLoader$isUseXcodeMessageStyleEnabled$1: loaded 2 times (x 75B)
Class org.jetbrains.kotlin.gradle.internal.ClassLoadersCachingBuildService$Companion$registerIfAbsent$2$1: loaded 2 times (x 79B)
Class org.jetbrains.kotlin.gradle.plugin.statistics.KotlinBuildStatisticsUtilsKt$collectGeneralConfigurationTimeMetrics$statisticOverhead$1$2: loaded 2 times (x 75B)
Class org.jetbrains.kotlin.gradle.plugin.StatisticsBuildFlowManager_Decorated         : loaded 2 times (x 115B)
Class org.jetbrains.kotlin.gradle.report.BuildReportMode$Companion                    : loaded 2 times (x 71B)
Class org.jetbrains.kotlin.gradle.plugin.VariantImplementationFactories$VariantImplementationFactory: loaded 2 times (x 70B)
Class org.jetbrains.kotlin.gradle.plugin.diagnostics.checkers.AndroidPublicationNotConfiguredChecker: loaded 2 times (x 74B)
Class org.jetbrains.kotlin.gradle.utils.GradleAttributesContainerUtilsKt              : loaded 2 times (x 71B)
Class org.jetbrains.kotlin.gradle.plugin.mpp.ApplyUserDefinedAttributesKt$UserDefinedAttributesSetupAction$1$1: loaded 2 times (x 79B)
Class org.jetbrains.kotlin.compilerRunner.CompilerSystemPropertiesService             : loaded 2 times (x 80B)
Class org.jetbrains.kotlin.gradle.plugin.mpp.compilationImpl.KotlinCompilationImpl$1  : loaded 2 times (x 79B)
Class org.jetbrains.kotlin.gradle.targets.js.npm.SemVer$Companion                     : loaded 2 times (x 71B)
Class org.jetbrains.kotlin.konan.target.KonanTarget$LINUX_ARM64                       : loaded 2 times (x 78B)
Class org.jetbrains.kotlin.konan.target.KonanTarget$LINUX_X64                         : loaded 2 times (x 78B)
Class [Lorg.jetbrains.kotlin.konan.target.Architecture;                               : loaded 2 times (x 69B)
Class org.jetbrains.kotlin.gradle.targets.native.SetupEmbedAndSignAppleFrameworkTaskSideEffectKt$special$$inlined$KotlinTargetSideEffect$1: loaded 2 times (x 74B)
Class org.jetbrains.kotlin.gradle.plugin.mpp.KotlinUsages$KotlinCinteropCompatibility : loaded 2 times (x 77B)
Class org.jetbrains.kotlin.gradle.plugin.mpp.KotlinUsages$KotlinUsagesCompatibility   : loaded 2 times (x 76B)
Class org.jetbrains.kotlin.gradle.dsl.ExplicitApiMode                                 : loaded 2 times (x 79B)
Class org.jetbrains.kotlin.gradle.plugin.VariantImplementationFactories$Companion     : loaded 2 times (x 71B)
Class org.jetbrains.kotlin.gradle.plugin.internal.CustomPropertiesFileValueSource$Parameters_Decorated: loaded 2 times (x 130B)
Class org.jetbrains.kotlin.gradle.dsl.KotlinTopLevelExtensionConfig                   : loaded 2 times (x 70B)
Class com.google.common.cache.CacheBuilder                                            : loaded 2 times (x 72B)
Class com.google.common.collect.SingletonImmutableList                                : loaded 2 times (x 207B)
Class Settings_gradle$1                                                               : loaded 2 times (x 74B)
Class org.gradle.internal.classpath.ClassPath                                         : loaded 2 times (x 70B)
Class org.jetbrains.kotlin.gradle.plugin.mpp.compilationImpl.KotlinCompilationImpl$2  : loaded 2 times (x 79B)
Class com.google.common.base.JdkPattern                                               : loaded 2 times (x 75B)
Class org.jetbrains.kotlin.gradle.tasks.abi.KotlinLegacyAbiCheckTaskImpl$Companion    : loaded 2 times (x 71B)
Class org.jetbrains.kotlin.gradle.dsl.PlatformSourceSetConventionsChecker$runChecks$1 : loaded 2 times (x 88B)
Class org.jetbrains.kotlin.gradle.plugin.mpp.compilationImpl.KotlinCompilationProcessorSideEffectKt$KotlinCompilationProcessorSideEffect$1: loaded 2 times (x 74B)
Class org.jetbrains.kotlin.gradle.dsl.KotlinJvmCompilerOptionsDefault                 : loaded 2 times (x 108B)
Class org.jetbrains.kotlin.gradle.internal.UsesClassLoadersCachingBuildService        : loaded 2 times (x 70B)
Class com.google.common.collect.ImmutableList$ReverseImmutableList                    : loaded 2 times (x 209B)
Class org.jetbrains.kotlin.gradle.internal.transforms.BuildToolsApiClasspathEntrySnapshotTransform$Parameters: loaded 2 times (x 88B)
Class org.jetbrains.kotlin.gradle.plugin.KotlinCompilationInfoKt                      : loaded 2 times (x 71B)
Class org.jetbrains.kotlin.gradle.tasks.KotlinCompile                                 : loaded 2 times (x 499B)
Class org.jetbrains.kotlin.gradle.internal.StdlibDependencyManagementKt               : loaded 2 times (x 71B)
Class org.jetbrains.kotlin.gradle.dsl.PlatformSourceSetConventionsChecker$runChecks$2 : loaded 2 times (x 78B)
Class org.jetbrains.kotlin.konan.target.KonanTarget$MINGW_X64                         : loaded 2 times (x 78B)
Class org.jetbrains.kotlin.gradle.utils.ObservableSet                                 : loaded 2 times (x 70B)
Class org.jetbrains.kotlin.gradle.plugin.diagnostics.KotlinToolingDiagnosticsCollectorKt: loaded 2 times (x 71B)
Class org.jetbrains.kotlin.gradle.plugin.mpp.HierarchyAttributeContainer              : loaded 2 times (x 85B)
Class org.jetbrains.kotlin.gradle.tasks.UsesKotlinJavaToolchain                       : loaded 2 times (x 70B)
Class org.jetbrains.kotlin.gradle.plugin.DefaultKotlinBasePlugin$apply$1              : loaded 2 times (x 75B)
Class org.jetbrains.kotlin.statistics.metrics.StringOverridePolicy$OVERRIDE           : loaded 2 times (x 85B)
Class org.jetbrains.kotlin.gradle.internal.properties.PropertiesBuildService$Params_Decorated: loaded 2 times (x 130B)
Class org.objectweb.asm.SymbolTable$Entry                                             : loaded 2 times (x 74B)
Class Native_plugin_loader_gradle                                                     : loaded 2 times (x 126B)
Class org.jetbrains.kotlin.gradle.plugin.mpp.KotlinTargetComponentWithCoordinatesAndPublication: loaded 2 times (x 70B)
Class org.jetbrains.kotlin.gradle.incremental.UsesIncrementalModuleInfoBuildService   : loaded 2 times (x 70B)
Class org.jetbrains.kotlin.konan.target.KonanTarget$ANDROID_X86                       : loaded 2 times (x 78B)
Class org.jetbrains.kotlin.gradle.dsl.PlatformSourceSetConventionsChecker$runChecks$3 : loaded 2 times (x 78B)
Class org.jetbrains.kotlin.gradle.plugin.RegisterKotlinPluginExtensionsKt             : loaded 2 times (x 71B)
Class org.jetbrains.kotlin.gradle.utils.CompilerOptionsKt$configureExperimentalTryNext$1$1: loaded 2 times (x 78B)
Class org.jetbrains.kotlin.gradle.utils.CompilerOptionsKt                             : loaded 2 times (x 71B)
Class org.jetbrains.kotlin.gradle.plugin.PropertiesProvider$Companion                 : loaded 2 times (x 71B)
Class org.jetbrains.kotlin.gradle.utils.SingleAction                                  : loaded 2 times (x 73B)
Class org.objectweb.asm.Edge                                                          : loaded 2 times (x 72B)
Class com.google.common.base.Suppliers$SupplierOfInstance                             : loaded 2 times (x 79B)
Class com.google.common.collect.Iterators$1                                           : loaded 2 times (x 81B)
Class org.jetbrains.kotlin.gradle.internal.utils.CollectionsKt                        : loaded 2 times (x 71B)
Class org.jetbrains.kotlin.gradle.plugin.diagnostics.KotlinToolingDiagnosticsSetupActionKt$KotlinToolingDiagnosticsSetupAction$1$2$diagnostics$1: loaded 2 times (x 75B)
Class org.jetbrains.kotlin.tooling.core.ExtrasPropertyKt$extrasLazyProperty$1         : loaded 2 times (x 94B)
Class org.jetbrains.kotlin.gradle.dsl.abi.AbiFilterSetSpec                            : loaded 2 times (x 70B)
Class org.jetbrains.kotlin.gradle.dsl.PlatformSourceSetConventionsChecker$runChecks$4 : loaded 2 times (x 78B)
Class org.jetbrains.kotlin.gradle.plugin.diagnostics.checkers.JsLikeEnvironmentChecker$runChecks$1: loaded 2 times (x 88B)
Class org.jetbrains.kotlin.gradle.plugin.diagnostics.UsesKotlinToolingDiagnostics     : loaded 2 times (x 70B)
Class org.jetbrains.kotlin.gradle.plugin.diagnostics.checkers.KonanHomeConflictDeclarationChecker: loaded 2 times (x 74B)
Class org.jetbrains.kotlin.gradle.plugin.diagnostics.KotlinToolingDiagnostics$WasmJsEnvironmentNotChosenExplicitly: loaded 2 times (x 73B)
Class org.jetbrains.kotlin.statistics.metrics.BooleanAnonymizationPolicy$SAFE         : loaded 2 times (x 85B)
Class com.google.common.cache.LocalCache$ComputingValueReference                      : loaded 2 times (x 96B)
Class com.google.common.collect.SingletonImmutableSet                                 : loaded 2 times (x 146B)
Class com.google.common.collect.ImmutableMap$IteratorBasedImmutableMap                : loaded 2 times (x 126B)
Class org.jetbrains.kotlin.gradle.plugin.abi.AbiValidationTaskSet                     : loaded 2 times (x 72B)
Class org.jetbrains.kotlin.gradle.plugin.mpp.compilationImpl.DefaultKotlinCompilationSourceSetsContainer$allKotlinSourceSetsImpl$1$1: loaded 2 times (x 80B)
Class org.jetbrains.kotlin.gradle.plugin.mpp.compilationImpl.DefaultKotlinCompilationSourceSetsContainer: loaded 2 times (x 78B)
Class org.jetbrains.kotlin.konan.target.KonanTarget$TVOS_SIMULATOR_ARM64              : loaded 2 times (x 78B)
Class org.jetbrains.kotlin.konan.target.KonanTarget$Companion                         : loaded 2 times (x 71B)
Class org.jetbrains.kotlin.gradle.plugin.KotlinPluginLifecycle$Stage$Companion        : loaded 2 times (x 71B)
Class org.jetbrains.kotlin.gradle.plugin.diagnostics.checkers.DeprecatedKotlinNativeTargetsChecker: loaded 2 times (x 74B)
Class org.jetbrains.kotlin.gradle.targets.jvm.KotlinJvmCompilationWireJavaSourcesSideEffectKt$KotlinJvmCompilationWireJavaSourcesSideEffect$1: loaded 2 times (x 74B)
Class org.jetbrains.kotlin.gradle.targets.native.ConfigureFrameworkExportSideEffectKt$special$$inlined$KotlinTargetSideEffect$1: loaded 2 times (x 74B)
Class org.jetbrains.kotlin.tooling.core.AbstractExtras                                : loaded 2 times (x 141B)
Class org.jetbrains.kotlin.gradle.fus.BuildUidService$Companion$registerIfAbsent$1    : loaded 2 times (x 74B)
Class org.jetbrains.kotlin.gradle.internal.diagnostics.AgpCompatibilityCheck$AndroidGradlePluginVersionProvider: loaded 2 times (x 70B)
Class com.google.common.cache.LocalCache$Segment                                      : loaded 2 times (x 154B)
Class Native_plugin_loader_gradle$NativePluginLoader$Companion                        : loaded 2 times (x 71B)
Class org.jetbrains.kotlin.gradle.internal.StdlibDependencyManagementKt$addStdlibDependency$1$1: loaded 2 times (x 79B)
Class org.jetbrains.kotlin.gradle.tasks.configuration.BaseKotlinCompileConfig$2$1     : loaded 2 times (x 75B)
Class org.jetbrains.kotlin.gradle.plugin.diagnostics.TransformActionUsingKotlinToolingDiagnostics: loaded 2 times (x 70B)
Class com.google.common.collect.SortedIterable                                        : loaded 2 times (x 70B)
Class org.jetbrains.kotlin.gradle.dsl.abi.AbiValidationVariantSpec$Companion          : loaded 2 times (x 71B)
Class org.jetbrains.kotlin.gradle.dsl.abi.AbiValidationVariantSpec                    : loaded 2 times (x 70B)
Class org.jetbrains.kotlin.gradle.dsl.PlatformSourceSetConventionsChecker$runChecks$6 : loaded 2 times (x 88B)
Class org.jetbrains.kotlin.gradle.plugin.sources.DefaultKotlinSourceSet_Decorated     : loaded 2 times (x 188B)
Class org.jetbrains.kotlin.gradle.plugin.mpp.KotlinCompilationsKt                     : loaded 2 times (x 71B)
Class org.jetbrains.kotlin.gradle.targets.native.KonanPropertiesBuildService$Companion: loaded 2 times (x 71B)
Class org.jetbrains.kotlin.statistics.metrics.StringOverridePolicy                    : loaded 2 times (x 85B)
Class org.jetbrains.kotlin.gradle.plugin.statistics.DefaultKotlinBuildStatsBeanService: loaded 2 times (x 92B)
Class org.jetbrains.kotlin.gradle.utils.GradleUtilsKt$registerClassLoaderScopedBuildService$1: loaded 2 times (x 74B)
Class org.jetbrains.kotlin.gradle.internal.diagnostics.AgpCompatibilityCheck$AndroidGradlePluginVersionProvider$Default: loaded 2 times (x 74B)
Class com.google.common.collect.AbstractListMultimap                                  : loaded 2 times (x 172B)
Class [Lorg.objectweb.asm.SymbolTable$Entry;                                          : loaded 2 times (x 69B)
Class com.google.common.cache.CacheLoader                                             : loaded 2 times (x 74B)
Class com.google.common.collect.Iterators$4                                           : loaded 2 times (x 82B)
Class com.google.common.collect.ImmutableBiMap                                        : loaded 2 times (x 143B)
Class org.gradle.internal.installation.GradleInstallation$1                           : loaded 2 times (x 75B)
Class org.gradle.api.internal.classpath.ModuleRegistry                                : loaded 2 times (x 70B)
Class org.jetbrains.kotlin.gradle.plugin.KotlinPluginLifecycle$ProjectConfigurationResult: loaded 2 times (x 71B)
Class org.jetbrains.kotlin.gradle.internal.KotlinDependenciesManagementKt$configureDefaultVersionsResolutionStrategy$1: loaded 2 times (x 75B)
Class org.jetbrains.kotlin.gradle.internal.StdlibDependencyManagementKt$configureStdlibDefaultDependency$1: loaded 2 times (x 79B)
Class org.jetbrains.kotlin.gradle.utils.ConfigurationCacheOpaqueValue                 : loaded 2 times (x 72B)
Class org.jetbrains.kotlin.gradle.model.builder.KotlinModelBuilder$Companion          : loaded 2 times (x 71B)
Class org.jetbrains.kotlin.gradle.plugin.mpp.compilationImpl.KotlinCreateResourcesTaskSideEffectKt: loaded 2 times (x 71B)
Class org.jetbrains.kotlin.gradle.targets.native.internal.SetupKotlinNativePlatformDependenciesAndStdlibKt: loaded 2 times (x 71B)
Class org.jetbrains.kotlin.gradle.plugin.mpp.KotlinUsages                             : loaded 2 times (x 71B)
Class org.jetbrains.kotlin.gradle.internal.properties.NativePropertiesLoader$Companion: loaded 2 times (x 71B)
Class [Lorg.jetbrains.kotlin.build.report.metrics.GradleBuildPerformanceMetric;       : loaded 2 times (x 69B)
Class org.jetbrains.kotlin.gradle.plugin.statistics.KotlinBuildStatsBeanService$Companion: loaded 2 times (x 71B)
Class org.jetbrains.kotlin.gradle.plugin.statistics.BuildFusService$Companion         : loaded 2 times (x 71B)
Class com.google.common.collect.ImmutableSet$JdkBackedSetBuilderImpl                  : loaded 2 times (x 76B)
Class com.google.common.util.concurrent.internal.InternalFutureFailureAccess          : loaded 2 times (x 72B)
Class com.google.common.collect.Iterators$5                                           : loaded 2 times (x 82B)
Class org.jetbrains.kotlin.gradle.plugin.HasCompilerOptions                           : loaded 2 times (x 70B)
Class org.jetbrains.kotlin.gradle.plugin.mpp.compilationImpl.DefaultKotlinCompilationFriendPathsResolver$FriendArtifactResolver: loaded 2 times (x 70B)
Class org.jetbrains.kotlin.gradle.dsl.abi.AbiFilterSetSpec_Decorated                  : loaded 2 times (x 133B)
Class org.jetbrains.kotlin.konan.target.KonanTarget$WATCHOS_SIMULATOR_ARM64           : loaded 2 times (x 78B)
Class org.jetbrains.kotlin.gradle.targets.js.ir.KotlinJsIrTarget                      : loaded 2 times (x 254B)
Class org.jetbrains.kotlin.gradle.plugin.mpp.DefaultKotlinUsageContext                : loaded 2 times (x 93B)
Class org.jetbrains.kotlin.gradle.plugin.KotlinPluginLifecycleImpl$start$3            : loaded 2 times (x 79B)
Class org.jetbrains.kotlin.gradle.dsl.KotlinJvmExtension                              : loaded 2 times (x 70B)
Class org.jetbrains.kotlin.gradle.plugin.abi.AbiValidationActionKt$AbiValidationSetupAction$1: loaded 2 times (x 95B)
Class org.jetbrains.kotlin.gradle.plugin.KotlinMultiplatformPluginWrapper             : loaded 2 times (x 86B)
Class [Lorg.jetbrains.kotlin.statistics.metrics.BooleanMetrics;                       : loaded 2 times (x 69B)
Class org.jetbrains.kotlin.gradle.internal.properties.PropertiesBuildService$Companion: loaded 2 times (x 71B)
Class com.google.common.base.CharMatcher$ForPredicate                                 : loaded 2 times (x 112B)
Class com.google.common.cache.LocalCache$LocalManualCache$1                           : loaded 2 times (x 75B)
Class org.jetbrains.kotlin.gradle.plugin.mpp.compilationImpl.KotlinCompilationConfigurationsContainer: loaded 2 times (x 70B)
Class org.jetbrains.kotlin.gradle.internal.StdlibDependencyManagementKt$addStdlibDependency$1: loaded 2 times (x 75B)
Class [Lorg.jetbrains.kotlin.gradle.plugin.KotlinPluginLifecycle$CoroutineStart;      : loaded 2 times (x 69B)
Class org.jetbrains.kotlin.gradle.dsl.IosSourceSetConventionChecker                   : loaded 2 times (x 74B)
Class org.jetbrains.kotlin.gradle.plugin.diagnostics.KotlinGradleProjectChecker       : loaded 2 times (x 70B)
Class org.jetbrains.kotlin.gradle.plugin.sources.KotlinSourceSetFactory$Companion     : loaded 2 times (x 71B)
Class org.jetbrains.kotlin.gradle.dsl.KotlinMultiplatformSourceSetConventions         : loaded 2 times (x 70B)
Class org.jetbrains.kotlin.statistics.metrics.NumberOverridePolicy$SUM                : loaded 2 times (x 85B)
Class com.google.common.base.CharMatcher$AnyOf                                        : loaded 2 times (x 112B)
Class com.google.common.collect.ImmutableCollection                                   : loaded 2 times (x 125B)
Class org.gradle.api.internal.classpath.DefaultModuleRegistry                         : loaded 2 times (x 86B)
Class org.jetbrains.kotlin.gradle.plugin.mpp.compilationImpl.factory.CompositePostConfigure: loaded 2 times (x 75B)
Class org.jetbrains.kotlin.gradle.plugin.diagnostics.KotlinToolingDiagnosticsSetupActionKt$KotlinToolingDiagnosticsSetupAction$1$reporterProvider$1: loaded 2 times (x 74B)
Class org.jetbrains.kotlin.gradle.targets.native.internal.CInteropConfigurationsKt    : loaded 2 times (x 71B)
Class org.jetbrains.kotlin.gradle.plugin.statistics.BuildFusService$Parameters$Inject : loaded 2 times (x 112B)
Class org.jetbrains.kotlin.build.report.metrics.GradleBuildTime$Companion             : loaded 2 times (x 71B)
Class org.jetbrains.kotlin.statistics.metrics.StatisticsValuesConsumer                : loaded 2 times (x 70B)
Class org.jetbrains.kotlin.gradle.plugin.AndroidGradlePluginVersion$Companion         : loaded 2 times (x 71B)
Class com.google.common.collect.Lists                                                 : loaded 2 times (x 71B)
Class com.google.common.util.concurrent.ListenableFuture                              : loaded 2 times (x 70B)
Class com.google.common.cache.ReferenceEntry                                          : loaded 2 times (x 70B)
Class com.google.common.base.Converter                                                : loaded 2 times (x 90B)
Class com.google.common.collect.ImmutableSet$CachingAsList                            : loaded 2 times (x 148B)
Class org.gradle.kotlin.dsl.Accessors7t09xqv4rp34sow31xff10e9cKt                      : loaded 2 times (x 71B)
Class org.jetbrains.kotlin.gradle.plugin.diagnostics.KotlinToolingDiagnosticsSetupActionKt$KotlinToolingDiagnosticsSetupAction$1$reporterProvider$2: loaded 2 times (x 75B)
Class org.jetbrains.kotlin.gradle.model.builder.KotlinModelBuilder                    : loaded 2 times (x 76B)
Class [Lorg.jetbrains.kotlin.tooling.core.HasMutableExtras;                           : loaded 2 times (x 69B)
Class org.jetbrains.kotlin.gradle.plugin.diagnostics.checkers.GradleDeprecatedPropertyChecker: loaded 2 times (x 74B)
Class org.jetbrains.kotlin.gradle.artifacts.KotlinJsKlibArtifactKt$KotlinJsKlibArtifact$1: loaded 2 times (x 74B)
Class org.jetbrains.kotlin.gradle.targets.CreateTargetConfigurationsSideEffectKt      : loaded 2 times (x 71B)
Class org.jetbrains.kotlin.gradle.plugin.mpp.ApplyUserDefinedAttributesKt$UserDefinedAttributesSetupAction$1: loaded 2 times (x 95B)
Class org.jetbrains.kotlin.gradle.plugin.mpp.KotlinAndroidTarget                      : loaded 2 times (x 159B)
Class org.jetbrains.kotlin.gradle.plugin.DefaultKotlinBasePlugin$addKotlinCompilerConfiguration$1: loaded 2 times (x 75B)
Class org.jetbrains.kotlin.gradle.plugin.statistics.NonSynchronizedMetricsContainer   : loaded 2 times (x 82B)
Class org.jetbrains.kotlin.gradle.plugin.internal.DefaultCompatibilityConventionRegistrar: loaded 2 times (x 74B)
Class org.jetbrains.kotlin.gradle.plugin.PropertiesProvider                           : loaded 2 times (x 73B)
Class com.google.common.collect.AbstractMapBasedMultimap                              : loaded 2 times (x 139B)
Class com.google.common.util.concurrent.AbstractFuture                                : loaded 2 times (x 106B)
Class com.google.common.base.FunctionalEquivalence                                    : loaded 2 times (x 83B)
Class com.google.common.collect.Iterators$9                                           : loaded 2 times (x 81B)
Class com.google.common.collect.ImmutableAsList                                       : loaded 2 times (x 209B)
Class org.jetbrains.kotlin.gradle.plugin.mpp.MppSourcesJarKt$sourcesJarTask$1         : loaded 2 times (x 95B)
Class org.jetbrains.kotlin.gradle.plugin.mpp.compilationImpl.factory.KotlinCompilationImplFactory$KotlinCompilationOutputFactory: loaded 2 times (x 70B)
Class org.jetbrains.kotlin.konan.target.TargetSupportException                        : loaded 2 times (x 82B)
Class org.jetbrains.kotlin.gradle.internal.IsInIdeaEnvironmentValueSource             : loaded 2 times (x 80B)
Class org.jetbrains.kotlin.gradle.plugin.KotlinCompilationToRunnableFiles             : loaded 2 times (x 70B)
Class org.jetbrains.kotlin.gradle.tooling.BuildKotlinToolingMetadataTaskKt            : loaded 2 times (x 71B)
Class org.jetbrains.kotlin.gradle.plugin.ProjectLocalConfigurations$setupAttributesMatchingStrategy$1$1: loaded 2 times (x 74B)
Class org.jetbrains.kotlin.gradle.targets.native.toolchain.KotlinNativeBundleBuildService$Companion$registerIfAbsent$2$1$1: loaded 2 times (x 75B)
Class org.jetbrains.kotlin.statistics.BuildSessionLogger$Companion                    : loaded 2 times (x 71B)
Class org.jetbrains.kotlin.gradle.plugin.diagnostics.ProblemsReporter$Factory         : loaded 2 times (x 70B)
Class org.objectweb.asm.RecordComponentVisitor                                        : loaded 2 times (x 77B)
Class com.google.common.cache.CacheLoader$SupplierToCacheLoader                       : loaded 2 times (x 75B)
Class org.jetbrains.kotlin.gradle.plugin.mpp.MppSourcesJarKt                          : loaded 2 times (x 71B)
Class org.jetbrains.kotlin.compilerRunner.CompilerSystemPropertiesService$Companion$registerIfAbsent$2$1$1: loaded 2 times (x 75B)
Class org.jetbrains.kotlin.gradle.plugin.KotlinCompilationInfo                        : loaded 2 times (x 88B)
Class org.jetbrains.kotlin.tooling.core.ExtrasPropertyKt                              : loaded 2 times (x 71B)
Class org.jetbrains.kotlin.gradle.tasks.BaseKotlinCompile                             : loaded 2 times (x 70B)
Class org.jetbrains.kotlin.gradle.plugin.internal.UsesBuildIdProviderService          : loaded 2 times (x 70B)
Class org.jetbrains.kotlin.gradle.plugin.mpp.compilationImpl.KotlinCompilationSourceSetInclusion$include$1: loaded 2 times (x 79B)
Class org.jetbrains.kotlin.gradle.plugin.mpp.compilationImpl.factory.KotlinCompilationImplFactory$KotlinCompilationDependencyConfigurationsFactory: loaded 2 times (x 70B)
Class org.jetbrains.kotlin.gradle.tasks.abi.KotlinLegacyAbiCheckTask                  : loaded 2 times (x 70B)
Class org.jetbrains.kotlin.gradle.internal.abi.AbiValidationExtensionImpl_Decorated   : loaded 2 times (x 137B)
Class org.jetbrains.kotlin.gradle.plugin.KotlinPluginLifecycleCoroutineContextElement$Key: loaded 2 times (x 71B)
Class org.jetbrains.kotlin.gradle.plugin.diagnostics.KotlinToolingDiagnosticsSetupActionKt$KotlinToolingDiagnosticsSetupAction$1: loaded 2 times (x 74B)
Class org.jetbrains.kotlin.gradle.dsl.KotlinProjectExtensionKt                        : loaded 2 times (x 71B)
Class org.jetbrains.kotlin.gradle.internal.ClassLoadersCachingBuildService$Companion$registerIfAbsent$1: loaded 2 times (x 75B)
Class org.jetbrains.kotlin.gradle.plugin.UsesKotlinGradleBuildServices                : loaded 2 times (x 70B)
Class org.jetbrains.kotlin.gradle.plugin.KotlinGradleBuildServices$Parameters_Decorated: loaded 2 times (x 130B)
Class org.jetbrains.kotlin.gradle.plugin.DefaultKotlinBasePlugin$addKotlinCompilerConfiguration$3: loaded 2 times (x 75B)
Class [Lorg.jetbrains.kotlin.statistics.metrics.IMetricContainerFactory;              : loaded 2 times (x 69B)
Class org.jetbrains.kotlin.gradle.internal.IdeaKt                                     : loaded 2 times (x 71B)
Class org.gradle.internal.service.ServiceLookupException                              : loaded 2 times (x 82B)
Class org.jetbrains.kotlin.gradle.plugin.hierarchy.KotlinSourceSetTreeClassifierKt$sourceSetTreeClassifier$2: loaded 2 times (x 78B)
Class com.google.common.collect.ImmutableSortedSet                                    : loaded 2 times (x 300B)
Class org.jetbrains.kotlin.konan.target.HostManager                                   : loaded 2 times (x 72B)
Class org.jetbrains.kotlin.gradle.targets.js.npm.NpmDirectoryDependencyExtension      : loaded 2 times (x 70B)
Class org.jetbrains.kotlin.gradle.plugin.mpp.KotlinUsageContext$MavenScope            : loaded 2 times (x 79B)
Class org.jetbrains.kotlin.gradle.targets.native.KotilnNativeConfigureBinariesSideEffectKt$special$$inlined$KotlinTargetSideEffect$1: loaded 2 times (x 74B)
Class org.jetbrains.kotlin.gradle.plugin.KotlinProjectSetupAction$Companion           : loaded 2 times (x 71B)
Class [Lcom.google.common.cache.LocalCache$EntryFactory;                              : loaded 2 times (x 69B)
Class org.gradle.internal.classloader.ClassLoaderFactory                              : loaded 2 times (x 70B)
Class org.jetbrains.kotlin.gradle.plugin.diagnostics.ProblemsReporterKt               : loaded 2 times (x 71B)
Class org.jetbrains.kotlin.gradle.plugin.SubpluginEnvironment                         : loaded 2 times (x 72B)
Class org.jetbrains.kotlin.gradle.internal.StdlibDependencyManagementKt$addStdlibDependency$1$1$1: loaded 2 times (x 75B)
Class com.google.common.base.CommonPattern                                            : loaded 2 times (x 74B)
Class org.jetbrains.kotlin.gradle.plugin.diagnostics.IsAttachedToTerminalValueSource$Inject: loaded 2 times (x 100B)
Class org.jetbrains.kotlin.gradle.plugin.sources.AbstractKotlinSourceSet              : loaded 2 times (x 141B)
Class org.jetbrains.kotlin.gradle.tooling.BuildKotlinToolingMetadataTaskKt$RegisterBuildKotlinToolingMetadataTask$1: loaded 2 times (x 74B)
Class org.jetbrains.kotlin.compilerRunner.GradleCliCommonizerKt$maybeCreateCommonizerClasspathConfiguration$1$1: loaded 2 times (x 75B)
Class org.jetbrains.kotlin.gradle.internal.properties.NativePropertiesLoader$nativeCacheKind$1: loaded 2 times (x 75B)
Class [Lorg.jetbrains.kotlin.build.report.metrics.ValueType;                          : loaded 2 times (x 69B)
Class org.jetbrains.kotlin.gradle.internal.diagnostics.AgpCompatibilityCheck          : loaded 2 times (x 71B)
Class com.google.common.base.CharMatcher$IsNot                                        : loaded 2 times (x 111B)
Class com.google.common.cache.LocalCache$LocalManualCache                             : loaded 2 times (x 99B)
Class org.gradle.internal.service.CachingServiceLocator                               : loaded 2 times (x 82B)
Class org.jetbrains.kotlin.gradle.plugin.KotlinTargetConfiguratorKt$WhenMappings      : loaded 2 times (x 71B)
Class com.google.common.collect.AbstractMapBasedMultimap$KeySet                       : loaded 2 times (x 137B)
Class com.google.common.collect.RegularImmutableSortedSet                             : loaded 2 times (x 300B)
Class org.jetbrains.kotlin.gradle.internal.KotlinTestDependencyManagementKt$configureKotlinTestDependency$1: loaded 2 times (x 79B)
Class org.jetbrains.kotlin.gradle.plugin.diagnostics.checkers.OverriddenKotlinNativeHomeChecker$StdlibExistenceCheckerValueSource$Params_Decorated: loaded 2 times (x 130B)
Class org.jetbrains.kotlin.project.model.LanguageSettings                             : loaded 2 times (x 70B)
Class org.jetbrains.kotlin.gradle.plugin.KotlinPluginLifecycleKt$kotlinPluginLifecycle$2: loaded 2 times (x 78B)
Class org.jetbrains.kotlin.gradle.targets.native.KonanPropertiesBuildService$Parameters: loaded 2 times (x 70B)
Class org.jetbrains.kotlin.gradle.plugin.statistics.BuildFusService$Companion$registerIfAbsent$1$1: loaded 2 times (x 79B)
Class org.jetbrains.kotlin.gradle.plugin.internal.CompatibilityConventionRegistrar$Factory: loaded 2 times (x 70B)
Class com.google.common.math.IntMath                                                  : loaded 2 times (x 71B)
Class org.jetbrains.kotlin.gradle.tasks.configuration.BaseKotlinCompileConfig$1$jvmToolchain$1: loaded 2 times (x 74B)
Class org.jetbrains.kotlin.gradle.plugin.mpp.InternalKotlinCompilation$DefaultImpls   : loaded 2 times (x 71B)
Class org.jetbrains.kotlin.gradle.plugin.mpp.compilationImpl.KotlinCompilationSourceSetInclusion$DefaultAddSourcesToCompileTask: loaded 2 times (x 74B)
Class org.jetbrains.kotlin.gradle.internal.KotlinTestDependencyManagementKt$configureKotlinTestDependency$2: loaded 2 times (x 75B)
Class org.jetbrains.kotlin.gradle.dsl.PlatformSourceSetConventionsChecker$runChecks$$inlined$CheckedPlatformInfo$default$1: loaded 2 times (x 78B)
Class [Lorg.jetbrains.kotlin.gradle.plugin.KotlinPluginLifecycle$Stage;               : loaded 2 times (x 69B)
Class org.jetbrains.kotlin.gradle.artifacts.KotlinTargetArtifact$Companion            : loaded 2 times (x 71B)
Class org.jetbrains.kotlin.gradle.plugin.mpp.compilationImpl.KotlinCreateLifecycleTasksSideEffectKt$KotlinCreateLifecycleTasksSideEffect$1: loaded 2 times (x 74B)
Class org.jetbrains.kotlin.gradle.dsl.KotlinGradlePluginDsl                           : loaded 2 times (x 70B)
Class org.jetbrains.kotlin.tooling.core.MutableExtras                                 : loaded 2 times (x 70B)
Class org.jetbrains.kotlin.gradle.plugin.KotlinGradleBuildServices$detectKotlinPluginLoadedInMultipleProjects$onRegister$1: loaded 2 times (x 79B)
Class org.jetbrains.kotlin.gradle.plugin.BuildFinishAndConfigurationTimeMetricsFlowAction$Parameters_Decorated: loaded 2 times (x 139B)
Class org.jetbrains.kotlin.gradle.plugin.BuildFinishAndConfigurationTimeMetricsFlowAction$Parameters: loaded 2 times (x 70B)
Class org.jetbrains.kotlin.build.report.metrics.BuildTime                             : loaded 2 times (x 70B)
Class com.google.common.collect.ImmutableMapEntry                                     : loaded 2 times (x 85B)
Class org.jetbrains.kotlin.gradle.tasks.CompileUsingKotlinDaemon                      : loaded 2 times (x 70B)
Class org.jetbrains.kotlin.gradle.plugin.mpp.KotlinWithJavaTarget                     : loaded 2 times (x 160B)
Class org.jetbrains.kotlin.gradle.utils.StoredPropertyKt$extrasStoredProperty$1       : loaded 2 times (x 78B)
Class org.jetbrains.kotlin.gradle.internal.abi.AbiFiltersSpecImplKt                   : loaded 2 times (x 71B)
Class org.jetbrains.kotlin.gradle.plugin.mpp.compilationImpl.KotlinCreateNativeCompileTasksSideEffectKt$special$$inlined$KotlinCompilationSideEffect$1: loaded 2 times (x 74B)
Class org.jetbrains.kotlin.gradle.targets.KotlinTargetSideEffect$Companion            : loaded 2 times (x 71B)
Class org.jetbrains.kotlin.gradle.dsl.KotlinSingleJavaTargetExtension                 : loaded 2 times (x 124B)
Class org.jetbrains.kotlin.gradle.plugin.KotlinPluginLifecycle$IllegalLifecycleException: loaded 2 times (x 82B)
Class org.jetbrains.kotlin.gradle.internal.properties.NativePropertiesLoader$userProvidedNativeHome$1: loaded 2 times (x 75B)
Class org.jetbrains.kotlin.gradle.plugin.KotlinGradleFinishBuildHandler               : loaded 2 times (x 72B)
Class [Lorg.jetbrains.kotlin.build.report.metrics.BuildPerformanceMetric;             : loaded 2 times (x 69B)
Class org.jetbrains.kotlin.statistics.metrics.StringOverridePolicy$CONCAT             : loaded 2 times (x 85B)
Class org.jetbrains.kotlin.gradle.dsl.KotlinTopLevelExtension                         : loaded 2 times (x 70B)
Class com.google.common.base.Equivalence                                              : loaded 2 times (x 82B)
Class com.google.common.base.Function                                                 : loaded 2 times (x 70B)
Class com.google.common.collect.ImmutableMapEntry$NonTerminalImmutableMapEntry        : loaded 2 times (x 85B)
Class org.jetbrains.kotlin.gradle.plugin.ProjectLocalConfigurationsKt                 : loaded 2 times (x 71B)
Class org.jetbrains.kotlin.gradle.plugin.mpp.compilationImpl.factory.KotlinCompilationImplFactory: loaded 2 times (x 72B)
Class org.jetbrains.kotlin.gradle.internal.abi.ConfigsKt$configureLegacyTasks$dumpTaskProvider$1: loaded 2 times (x 75B)
Class org.jetbrains.kotlin.gradle.internal.KotlinDomApiDependencyManagementKt$addKotlinDomApiDependency$1: loaded 2 times (x 75B)
Class org.jetbrains.kotlin.gradle.plugin.diagnostics.checkers.KotlinTargetAlreadyDeclaredChecker$runChecks$1: loaded 2 times (x 88B)
Class org.jetbrains.kotlin.gradle.plugin.mpp.KotlinTargetWithBinaries                 : loaded 2 times (x 157B)
Class [Lorg.jetbrains.kotlin.gradle.plugin.KotlinSourceSet;                           : loaded 2 times (x 69B)
Class org.jetbrains.kotlin.gradle.plugin.diagnostics.checkers.JsEnvironmentChecker$1  : loaded 2 times (x 78B)
Class org.jetbrains.kotlin.gradle.plugin.diagnostics.KotlinToolingDiagnostics$JsLikeEnvironmentNotChosenExplicitly: loaded 2 times (x 73B)
Class org.jetbrains.kotlin.gradle.utils.StoredLazyProperty$getValue$1                 : loaded 2 times (x 79B)
Class org.jetbrains.kotlin.statistics.metrics.IMetricContainerFactory                 : loaded 2 times (x 70B)
Class org.jetbrains.kotlin.statistics.MetricValueValidationFailed                     : loaded 2 times (x 82B)
Class org.jetbrains.kotlin.gradle.plugin.PropertiesProvider$localProperties$2         : loaded 2 times (x 79B)
Class com.google.common.collect.IndexedImmutableSet$1                                 : loaded 2 times (x 213B)
Class com.google.common.cache.CacheBuilder$OneWeigher                                 : loaded 2 times (x 82B)
Class com.google.common.collect.RegularImmutableList                                  : loaded 2 times (x 213B)
Class org.gradle.kotlin.dsl.TestImplementationConfigurationAccessorsKt                : loaded 2 times (x 71B)
Class org.jetbrains.kotlin.gradle.tasks.configuration.KaptGenerateStubsConfig         : loaded 2 times (x 72B)
Class org.jetbrains.kotlin.gradle.targets.js.npm.SemVer                               : loaded 2 times (x 75B)
Class org.jetbrains.kotlin.gradle.internal.properties.NativePropertiesLoader$konanDataDirProperty$1$1: loaded 2 times (x 74B)
Class org.jetbrains.kotlin.gradle.plugin.diagnostics.checkers.JsEnvironmentChecker$2  : loaded 2 times (x 78B)
Class org.jetbrains.kotlin.gradle.utils.WhenPluginEnabledKt$whenPluginsEnabled$1      : loaded 2 times (x 75B)
Class org.jetbrains.kotlin.gradle.tasks.AbstractKotlinCompileTool                     : loaded 2 times (x 363B)
Class org.jetbrains.kotlin.gradle.internal.report.BuildScanApi                        : loaded 2 times (x 70B)
Class org.jetbrains.kotlin.gradle.plugin.statistics.FlowActionBuildFusService$Companion$registerIfAbsentImpl$1$1: loaded 2 times (x 74B)
Class [Lorg.jetbrains.kotlin.gradle.report.BuildReportType;                           : loaded 2 times (x 69B)
Class org.jetbrains.kotlin.gradle.plugin.statistics.KotlinBuildStatsConfiguration     : loaded 2 times (x 72B)
Class org.jetbrains.kotlin.gradle.internal.properties.PropertiesBuildService$localProperties$2: loaded 2 times (x 79B)
Class org.gradle.internal.classloader.ClasspathUtil                                   : loaded 2 times (x 71B)
Class org.jetbrains.kotlin.gradle.plugin.abi.JvmOrAndroidKt                           : loaded 2 times (x 71B)
Class org.jetbrains.kotlin.gradle.dsl.KotlinCompile                                   : loaded 2 times (x 70B)
Class org.jetbrains.kotlin.gradle.plugin.mpp.compilationImpl.DefaultKotlinCompilationFriendPathsResolver$DefaultFriendArtifactResolver: loaded 2 times (x 74B)
Class org.jetbrains.kotlin.gradle.internal.abi.AbiFiltersSpecImpl_Decorated           : loaded 2 times (x 132B)
Class org.jetbrains.kotlin.gradle.plugin.diagnostics.checkers.InternalGradlePropertiesUsageChecker$runChecks$1: loaded 2 times (x 88B)
Class org.jetbrains.kotlin.gradle.utils.StringUtilsKt$lowerCamelCaseName$1            : loaded 2 times (x 125B)
Class org.jetbrains.kotlin.gradle.plugin.diagnostics.checkers.JsEnvironmentChecker$3  : loaded 2 times (x 78B)
Class org.jetbrains.kotlin.gradle.dsl.JvmTarget$Companion                             : loaded 2 times (x 71B)
Class org.jetbrains.kotlin.gradle.internal.properties.NativePropertiesLoader$downloadFromMaven$1: loaded 2 times (x 75B)
Class org.jetbrains.kotlin.gradle.plugin.internal.DefaultConfigurationCacheStartParameterAccessor_Decorated: loaded 2 times (x 121B)
Class org.jetbrains.kotlin.gradle.plugin.internal.DefaultConfigurationCacheStartParameterAccessor: loaded 2 times (x 77B)
Class org.jetbrains.kotlin.tooling.core.HasExtras                                     : loaded 2 times (x 70B)
Class com.google.common.util.concurrent.Uninterruptibles                              : loaded 2 times (x 71B)
Class org.jetbrains.kotlin.gradle.fus.internal.SynchronizedConfigurationMetrics$add$1 : loaded 2 times (x 79B)
Class org.jetbrains.kotlin.gradle.plugin.sources.DefaultLanguageSettingsBuilder$freeCompilerArgsProvider$1: loaded 2 times (x 95B)
Class org.jetbrains.kotlin.gradle.tasks.abi.KotlinLegacyAbiUpdateTask$Companion       : loaded 2 times (x 71B)
Class org.jetbrains.kotlin.konan.target.HostManager$Companion                         : loaded 2 times (x 71B)
Class org.jetbrains.kotlin.gradle.targets.js.npm.DevNpmDependencyExtension            : loaded 2 times (x 70B)
Class org.jetbrains.kotlin.gradle.plugin.diagnostics.checkers.PreHmppDependenciesUsageChecker: loaded 2 times (x 74B)
Class org.jetbrains.kotlin.gradle.targets.CreateArtifactsSideEffectKt                 : loaded 2 times (x 71B)
Class org.jetbrains.kotlin.gradle.plugin.AbstractKotlinMultiplatformPluginWrapper     : loaded 2 times (x 86B)
Class org.jetbrains.kotlin.gradle.utils.GradleConfigurationUtilsKt$addGradlePluginMetadataAttributes$1: loaded 2 times (x 75B)
Class org.jetbrains.kotlin.gradle.plugin.internal.DefaultProjectIsolationStartParameterAccessor: loaded 2 times (x 77B)
Class org.jetbrains.kotlin.gradle.dsl.KotlinAndroidExtension                          : loaded 2 times (x 70B)
Class com.google.common.util.concurrent.LazyLogger                                    : loaded 2 times (x 72B)
Class com.google.common.collect.Maps                                                  : loaded 2 times (x 71B)
Class org.gradle.api.specs.Spec                                                       : loaded 2 times (x 70B)
Class org.jetbrains.kotlin.gradle.plugin.SubpluginEnvironment$Companion               : loaded 2 times (x 71B)
Class org.jetbrains.kotlin.gradle.plugin.mpp.ApplyUserDefinedAttributesKt$UserDefinedAttributesSetupAction$1$1$3: loaded 2 times (x 75B)
Class org.jetbrains.kotlin.gradle.tasks.configuration.BaseKotlinCompileConfig$Companion: loaded 2 times (x 71B)
Class org.jetbrains.kotlin.gradle.plugin.mpp.compilationImpl.KotlinCompilationImpl$Params: loaded 2 times (x 72B)
Class org.jetbrains.kotlin.gradle.plugin.abi.UtilsKt$prepareAbiClasspath$1$1          : loaded 2 times (x 75B)
Class org.jetbrains.kotlin.konan.target.UtilsKt                                       : loaded 2 times (x 71B)
Class org.jetbrains.kotlin.gradle.tooling.BuildKotlinToolingMetadataTask              : loaded 2 times (x 314B)
Class org.jetbrains.kotlin.gradle.plugin.internal.CompatibilityConventionRegistrarKt  : loaded 2 times (x 71B)
Class org.jetbrains.kotlin.gradle.artifacts.KotlinJvmJarArtifactKt                    : loaded 2 times (x 71B)
Class org.jetbrains.kotlin.gradle.plugin.mpp.compilationImpl.CreateCInteropTasksSideEffectKt$special$$inlined$KotlinCompilationSideEffect$1: loaded 2 times (x 74B)
Class org.jetbrains.kotlin.gradle.plugin.statistics.FinalizeConfigurationFusMetricActionKt: loaded 2 times (x 71B)
Class org.jetbrains.kotlin.gradle.targets.native.toolchain.KotlinNativeBundleBuildService$Companion$registerIfAbsent$2$1: loaded 2 times (x 79B)
Class org.jetbrains.kotlin.build.report.metrics.GradleBuildPerformanceMetric$Companion: loaded 2 times (x 71B)
Class org.jetbrains.kotlin.gradle.plugin.statistics.KotlinBuildStatsBeanService       : loaded 2 times (x 87B)
Class org.jetbrains.kotlin.gradle.plugin.internal.MavenPublicationComponentAccessor$Factory: loaded 2 times (x 70B)
Class [Lcom.google.common.collect.ImmutableEntry;                                     : loaded 2 times (x 69B)
Class org.jetbrains.kotlin.tooling.core.ExtrasLazyProperty                            : loaded 2 times (x 70B)
Class org.jetbrains.kotlin.gradle.internal.properties.NativeProperties$Companion      : loaded 2 times (x 71B)
Class org.jetbrains.kotlin.gradle.utils.StringUtilsKt                                 : loaded 2 times (x 71B)
Class org.jetbrains.kotlin.gradle.plugin.diagnostics.DiagnosticGroup$Kgp$Misconfiguration: loaded 2 times (x 82B)
Class org.jetbrains.kotlin.gradle.targets.ConfigureBuildSideEffectKt$ConfigureBuildSideEffect$1: loaded 2 times (x 74B)
Class org.jetbrains.kotlin.gradle.utils.CompletableFuture                             : loaded 2 times (x 70B)
Class org.jetbrains.kotlin.build.report.metrics.BuildPerformanceMetric                : loaded 2 times (x 70B)
Class [Lorg.jetbrains.kotlin.statistics.metrics.StringOverridePolicy;                 : loaded 2 times (x 69B)
Class org.jetbrains.kotlin.gradle.plugin.internal.JavaExecTaskParametersCompatibility : loaded 2 times (x 70B)
Class com.google.common.cache.LocalCache$LoadingValueReference                        : loaded 2 times (x 96B)
Class org.jetbrains.kotlin.gradle.utils.Completable$await$1                           : loaded 2 times (x 88B)
Class org.jetbrains.kotlin.gradle.plugin.statistics.ConfigurationMetricsBuildFusParameters: loaded 2 times (x 70B)
Class org.jetbrains.kotlin.gradle.tasks.configuration.AbstractKotlinCompileConfigKt$explicitApiMode$1: loaded 2 times (x 75B)
Class com.google.common.base.Platform                                                 : loaded 2 times (x 71B)
Class org.jetbrains.kotlin.gradle.plugin.abi.UtilsKt                                  : loaded 2 times (x 71B)
Class org.jetbrains.kotlin.gradle.plugin.diagnostics.checkers.OverriddenKotlinNativeHomeChecker$StdlibExistenceCheckerValueSource$Params$Inject: loaded 2 times (x 106B)
Class org.jetbrains.kotlin.gradle.plugin.diagnostics.checkers.CommonMainOrTestWithDependsOnChecker: loaded 2 times (x 74B)
Class org.jetbrains.kotlin.gradle.artifacts.KotlinNativeHostSpecificMetadataArtifactKt: loaded 2 times (x 71B)
Class org.jetbrains.kotlin.gradle.plugin.mpp.compilationImpl.KotlinCreateLifecycleTasksSideEffectKt: loaded 2 times (x 71B)
Class org.jetbrains.kotlin.gradle.plugin.KotlinTarget                                 : loaded 2 times (x 70B)
Class org.jetbrains.kotlin.gradle.utils.ConfigurationsKt$createResolvable$1           : loaded 2 times (x 78B)
Class [Lorg.jetbrains.kotlin.statistics.metrics.BooleanAnonymizationPolicy;           : loaded 2 times (x 69B)
Class org.jetbrains.kotlin.gradle.internal.abi.AbiValidationLegacyDumpExtensionImpl_Decorated: loaded 2 times (x 127B)
Class org.jetbrains.kotlin.compilerRunner.CompilerSystemPropertiesService$Parameters  : loaded 2 times (x 70B)
Class org.jetbrains.kotlin.gradle.plugin.mpp.compilationImpl.KotlinCompilationSourceSetsContainer: loaded 2 times (x 70B)
Class org.jetbrains.kotlin.gradle.plugin.diagnostics.KotlinToolingDiagnosticsCollector$Parameter: loaded 2 times (x 70B)
Class org.jetbrains.kotlin.gradle.plugin.diagnostics.KotlinToolingDiagnosticsCollectorKt$kotlinToolingDiagnosticsCollectorProvider$1: loaded 2 times (x 75B)
Class org.jetbrains.kotlin.gradle.artifacts.KotlinNativeKlibArtifactKt                : loaded 2 times (x 71B)
Class org.jetbrains.kotlin.gradle.plugin.ProjectLocalConfigurations                   : loaded 2 times (x 71B)
Class org.jetbrains.kotlin.gradle.plugin.mpp.KotlinUsages$KotlinUsagesDisambiguation  : loaded 2 times (x 76B)
Class org.jetbrains.kotlin.tooling.core.Extras$Key$Companion                          : loaded 2 times (x 71B)
Class org.jetbrains.kotlin.tooling.core.Extras$Key                                    : loaded 2 times (x 72B)
Class [Lorg.objectweb.asm.AnnotationWriter;                                           : loaded 2 times (x 69B)
Class com.google.common.collect.Maps$8                                                : loaded 2 times (x 82B)
Class com.google.common.collect.ImmutableRangeSet$Builder                             : loaded 2 times (x 77B)
Class [Lcom.google.common.collect.Iterators$EmptyModifiableIterator;                  : loaded 2 times (x 69B)
Class org.jetbrains.kotlin.gradle.plugin.diagnostics.CheckKotlinGradlePluginConfigurationErrors: loaded 2 times (x 315B)
Class org.jetbrains.kotlin.gradle.plugin.sources.DefaultKotlinSourceSetKt             : loaded 2 times (x 71B)
Class org.jetbrains.kotlin.gradle.dsl.KotlinJvmOptions                                : loaded 2 times (x 70B)
Class org.jetbrains.kotlin.gradle.plugin.mpp.HierarchyAttributeContainer$1            : loaded 2 times (x 78B)
Class org.jetbrains.kotlin.gradle.plugin.KotlinPluginLifecycle                        : loaded 2 times (x 70B)
Class org.jetbrains.kotlin.gradle.plugin.KotlinJsPluginWrapper                        : loaded 2 times (x 86B)
Class org.jetbrains.kotlin.gradle.dsl.ToolchainSupport                                : loaded 2 times (x 70B)
Class org.jetbrains.kotlin.tooling.core.Extras                                        : loaded 2 times (x 70B)
Class org.jetbrains.kotlin.gradle.plugin.mpp.InternalKotlinTarget                     : loaded 2 times (x 70B)
Class org.jetbrains.kotlin.statistics.metrics.NumberAnonymizationPolicy$RANDOM_10_PERCENT: loaded 2 times (x 85B)
Class org.jetbrains.kotlin.statistics.metrics.StringMetrics                           : loaded 2 times (x 80B)
Class com.google.common.collect.Sets$SetView                                          : loaded 2 times (x 138B)
Class com.google.common.cache.LocalCache$StrongValueReference                         : loaded 2 times (x 90B)
Class org.jetbrains.kotlin.gradle.plugin.mpp.KotlinTargetSoftwareComponentImpl        : loaded 2 times (x 90B)
Class org.jetbrains.kotlin.gradle.plugin.mpp.DefaultKotlinUsageContext$PublishOnlyIf  : loaded 2 times (x 70B)
Class org.jetbrains.kotlin.gradle.dsl.KotlinCommonCompilerOptionsHelper               : loaded 2 times (x 71B)
Class org.jetbrains.kotlin.gradle.plugin.KotlinJvmPlugin$Companion                    : loaded 2 times (x 71B)
Class org.jetbrains.kotlin.gradle.plugin.diagnostics.KotlinToolingDiagnostics         : loaded 2 times (x 71B)
Class org.jetbrains.kotlin.gradle.artifacts.KotlinMetadataArtifactKt                  : loaded 2 times (x 71B)
Class org.jetbrains.kotlin.gradle.targets.CreateArtifactsSideEffectKt$CreateArtifactsSideEffect$1: loaded 2 times (x 74B)
Class org.jetbrains.kotlin.gradle.internal.properties.PropertiesBuildService$property$1$valueFromGradleAndLocalProperties$1: loaded 2 times (x 75B)
Class org.jetbrains.kotlin.gradle.plugin.KotlinPluginWrapperKt$kotlinToolingVersion$2 : loaded 2 times (x 78B)
Class org.objectweb.asm.Type                                                          : loaded 2 times (x 72B)
Class org.gradle.internal.classloader.VisitableURLClassLoader$InstrumentingVisitableURLClassLoader: loaded 2 times (x 123B)
Class org.jetbrains.kotlin.gradle.plugin.mpp.DefaultKotlinUsageContext$1              : loaded 2 times (x 74B)
Class org.jetbrains.kotlin.gradle.plugin.mpp.compilationImpl.KotlinCompilationImpl$associateWith$2: loaded 2 times (x 79B)
Class org.jetbrains.kotlin.gradle.plugin.hierarchy.KotlinSourceSetTreeClassifier      : loaded 2 times (x 70B)
Class org.jetbrains.kotlin.gradle.plugin.mpp.compilationImpl.KotlinCompilationAssociator: loaded 2 times (x 70B)
Class org.jetbrains.kotlin.gradle.utils.WhenEvaluatedKt$whenEvaluated$afterAndroidDispatchQueue$1$1$1: loaded 2 times (x 75B)
Class org.jetbrains.kotlin.konan.target.UtilsKt$evaluatePresetName$1                  : loaded 2 times (x 78B)
Class org.jetbrains.kotlin.gradle.plugin.mpp.KotlinNativeTarget                       : loaded 2 times (x 167B)
Class org.jetbrains.kotlin.gradle.plugin.diagnostics.checkers.KotlinSourceSetTreeDependsOnMismatchChecker$runChecks$1: loaded 2 times (x 88B)
Class org.jetbrains.kotlin.gradle.plugin.diagnostics.checkers.PreHmppDependenciesUsageChecker$runChecks$1: loaded 2 times (x 88B)
Class org.jetbrains.kotlin.gradle.utils.ProjectExtensionsKt                           : loaded 2 times (x 71B)
Class org.jetbrains.kotlin.gradle.plugin.KotlinSourceSetTree$Companion                : loaded 2 times (x 71B)
Class org.jetbrains.kotlin.gradle.plugin.diagnostics.KotlinGradleProjectChecker$Companion: loaded 2 times (x 71B)
Class org.jetbrains.kotlin.gradle.plugin.KotlinGradleBuildServices$Parameters         : loaded 2 times (x 70B)
Class org.jetbrains.kotlin.gradle.plugin.statistics.BuildFusService$Companion$registerIfAbsent$1$1$1: loaded 2 times (x 75B)
Class org.jetbrains.kotlin.statistics.fileloggers.MetricsContainer$Companion          : loaded 2 times (x 71B)
Class com.google.common.math.IntMath$1                                                : loaded 2 times (x 71B)
Class org.objectweb.asm.ByteVector                                                    : loaded 2 times (x 79B)
Class [Lcom.google.common.cache.CacheBuilder$NullListener;                            : loaded 2 times (x 69B)
Class org.gradle.internal.classloader.VisitableURLClassLoader$Spec                    : loaded 2 times (x 74B)
Class org.gradle.internal.classpath.DefaultClassPath                                  : loaded 2 times (x 90B)
Class org.jetbrains.kotlin.gradle.plugin.mpp.KotlinSoftwareComponentKt                : loaded 2 times (x 71B)
Class org.jetbrains.kotlin.gradle.plugin.mpp.compilationImpl.KotlinCompilationSourceSetInclusion$AddSourcesToCompileTask: loaded 2 times (x 70B)
Class org.jetbrains.kotlin.konan.target.Architecture                                  : loaded 2 times (x 79B)
Class [Lorg.jetbrains.kotlin.gradle.plugin.HasProject;                                : loaded 2 times (x 69B)
Class org.jetbrains.kotlin.gradle.utils.MutableObservableSetImpl                      : loaded 2 times (x 163B)
Class org.jetbrains.kotlin.gradle.tasks.KotlinTasksProvider                           : loaded 2 times (x 72B)
Class org.jetbrains.kotlin.gradle.dsl.DefaultToolchainSupport$wireToolchainToTasks$1  : loaded 2 times (x 75B)
Class org.jetbrains.kotlin.gradle.dsl.KotlinCommonCompilerOptions                     : loaded 2 times (x 70B)
Class org.jetbrains.kotlin.gradle.plugin.KotlinJsCompilerTypeHolder                   : loaded 2 times (x 70B)
Class [Lorg.jetbrains.kotlin.build.report.metrics.GradleBuildTime;                    : loaded 2 times (x 69B)
Class org.jetbrains.kotlin.gradle.internal.properties.PropertiesBuildService$MemoizedCallable: loaded 2 times (x 75B)
Class org.jetbrains.kotlin.gradle.plugin.internal.DefaultMavenPublicationComponentAccessorFactory: loaded 2 times (x 76B)
Class org.objectweb.asm.Symbol                                                        : loaded 2 times (x 73B)
Class org.jetbrains.kotlin.gradle.plugin.cocoapods.KotlinCocoapodsPlugin$Companion    : loaded 2 times (x 71B)
Class org.jetbrains.kotlin.gradle.plugin.mpp.compilationImpl.KotlinCompilationImpl    : loaded 2 times (x 140B)
Class [Lorg.jetbrains.kotlin.gradle.plugin.mpp.compilationImpl.factory.KotlinCompilationImplFactory$PostConfigure;: loaded 2 times (x 69B)
Class org.jetbrains.kotlin.konan.target.KonanTarget$MACOS_X64                         : loaded 2 times (x 78B)
Class org.jetbrains.kotlin.gradle.plugin.KotlinSourceSet$Companion                    : loaded 2 times (x 71B)
Class org.jetbrains.kotlin.konan.util.Named                                           : loaded 2 times (x 70B)
Class [Lorg.jetbrains.kotlin.gradle.report.BuildReportMode;                           : loaded 2 times (x 69B)
Class org.jetbrains.kotlin.statistics.metrics.BooleanOverridePolicy                   : loaded 2 times (x 85B)
Class com.google.common.base.CharMatcher$BitSetMatcher                                : loaded 2 times (x 112B)
Class com.google.common.collect.RegularImmutableMap$Values                            : loaded 2 times (x 207B)
Class com.google.common.collect.ImmutableSet                                          : loaded 2 times (x 145B)
Class org.jetbrains.kotlin.gradle.plugin.AbstractKotlinAndroidPluginWrapper           : loaded 2 times (x 86B)
Class org.gradle.internal.classloader.ClassLoaderSpec                                 : loaded 2 times (x 71B)
Class org.jetbrains.kotlin.gradle.plugin.mpp.KotlinCompilationsKt$moduleNameForCompilation$1: loaded 2 times (x 75B)
Class org.jetbrains.kotlin.gradle.plugin.sources.KotlinDependencyScopeKt              : loaded 2 times (x 71B)
Class org.jetbrains.kotlin.gradle.plugin.diagnostics.TransformActionUsingKotlinToolingDiagnostics$Parameters: loaded 2 times (x 70B)
Class org.jetbrains.kotlin.compilerRunner.CompilerSystemPropertiesService$Companion$registerIfAbsent$2$1: loaded 2 times (x 79B)
Class org.jetbrains.kotlin.gradle.plugin.mpp.KotlinCompilationsKt$addSourcesToKotlinCompileTask$1: loaded 2 times (x 75B)
Class org.jetbrains.kotlin.gradle.internal.KotlinDependenciesManagementKt$configureDefaultVersionsResolutionStrategy$1$1: loaded 2 times (x 75B)
Class org.jetbrains.kotlin.gradle.utils.KotlinExtensionUtilsKt$forAllTargets$1        : loaded 2 times (x 95B)
Class org.jetbrains.kotlin.gradle.plugin.diagnostics.CheckKotlinGradlePluginConfigurationErrorsKt$locateOrRegisterCheckKotlinGradlePluginErrorsTask$taskProvider$1: loaded 2 times (x 75B)
Class org.jetbrains.kotlin.gradle.plugin.diagnostics.checkers.OverriddenKotlinNativeHomeChecker$StdlibExistenceCheckerValueSource$Params: loaded 2 times (x 70B)
Class org.jetbrains.kotlin.gradle.dsl.PlatformSourceSetConventionsChecker$nativeTargetPresets$1$1: loaded 2 times (x 79B)
Class org.jetbrains.kotlin.gradle.tooling.BuildKotlinToolingMetadataTaskKt$buildKotlinToolingMetadataTask$1: loaded 2 times (x 78B)
Class org.jetbrains.kotlin.gradle.internal.Kapt3GradleSubplugin$Companion             : loaded 2 times (x 71B)
Class org.jetbrains.kotlin.gradle.plugin.mpp.compilationImpl.KotlinCreateCompilationArchiveTaskKt$KotlinRegisterCompilationArchiveTasksExtension$1: loaded 2 times (x 74B)
Class [Lorg.jetbrains.kotlin.statistics.metrics.NumberOverridePolicy;                 : loaded 2 times (x 69B)
Class org.jetbrains.kotlin.gradle.internal.properties.PropertiesBuildService$GradleProperty: loaded 2 times (x 70B)
Class org.jetbrains.kotlin.gradle.utils.StoredPropertyKt$projectStoredProperty$1      : loaded 2 times (x 78B)
Class org.objectweb.asm.AnnotationWriter                                              : loaded 2 times (x 79B)
Class com.google.common.cache.CacheStats                                              : loaded 2 times (x 71B)
Class org.jetbrains.kotlin.gradle.plugin.mpp.SyncLanguageSettingsWithKotlinExtensionSetupActionKt$SyncLanguageSettingsWithKotlinExtensionSetupAction$1$1: loaded 2 times (x 75B)
Class org.jetbrains.kotlin.gradle.tasks.configuration.TaskConfigAction$configureTask$1: loaded 2 times (x 79B)
Class org.jetbrains.kotlin.gradle.dsl.abi.AbiValidationExtension                      : loaded 2 times (x 70B)
Class org.jetbrains.kotlin.gradle.plugin.diagnostics.checkers.DuplicateSourceSetChecker$runChecks$1: loaded 2 times (x 88B)
Class org.jetbrains.kotlin.gradle.plugin.diagnostics.ToolingDiagnostic$Severity       : loaded 2 times (x 79B)
Class org.jetbrains.kotlin.gradle.dsl.JvmTarget                                       : loaded 2 times (x 79B)
Class org.jetbrains.kotlin.gradle.internal.ClassLoadersCachingBuildService            : loaded 2 times (x 76B)
Class org.jetbrains.kotlin.gradle.plugin.VariantImplementationFactories$Inject        : loaded 2 times (x 106B)
Class org.jetbrains.kotlin.gradle.plugin.internal.DefaultJavaExecTaskParametersCompatibility$Factory: loaded 2 times (x 76B)
Class org.jetbrains.kotlin.gradle.plugin.VariantImplementationFactoriesConfigurator$Companion: loaded 2 times (x 71B)
Class org.objectweb.asm.RecordComponentWriter                                         : loaded 2 times (x 78B)
Class com.google.common.util.concurrent.AbstractFuture$Listener                       : loaded 2 times (x 72B)
Class com.google.common.base.CharMatcher$Or                                           : loaded 2 times (x 112B)
Class Settings_gradle$1$1                                                             : loaded 2 times (x 74B)
Class org.jetbrains.kotlin.gradle.plugin.mpp.SyncLanguageSettingsWithKotlinExtensionSetupActionKt$SyncLanguageSettingsWithKotlinExtensionSetupAction$1$2: loaded 2 times (x 75B)
Class org.jetbrains.kotlin.gradle.plugin.internal.BuildIdService$Companion            : loaded 2 times (x 71B)
Class org.jetbrains.kotlin.gradle.plugin.diagnostics.checkers.OverriddenKotlinNativeHomeChecker$StdlibExistenceCheckerValueSource$Companion: loaded 2 times (x 71B)
Class org.jetbrains.kotlin.gradle.targets.js.dsl.KotlinWasmSubTargetContainerDsl      : loaded 2 times (x 70B)
Class org.jetbrains.kotlin.gradle.plugin.diagnostics.checkers.WasmWasiEnvironmentChecker$1: loaded 2 times (x 78B)
Class org.jetbrains.kotlin.gradle.plugin.diagnostics.checkers.DisabledCinteropCommonizationInHmppProjectChecker: loaded 2 times (x 74B)
Class org.jetbrains.kotlin.gradle.plugin.diagnostics.checkers.NoKotlinTargetsDeclaredChecker: loaded 2 times (x 74B)
Class org.jetbrains.kotlin.gradle.targets.jvm.KotlinJvmTargetTestFixturesSideEffectKt$ConfigureJavaTestFixturesSideEffect$1: loaded 2 times (x 74B)
Class org.jetbrains.kotlin.gradle.utils.StoredPropertyStorage                         : loaded 2 times (x 72B)
Class org.jetbrains.kotlin.gradle.plugin.KotlinSourceSetContainer                     : loaded 2 times (x 70B)
Class org.objectweb.asm.Attribute                                                     : loaded 2 times (x 77B)
Class com.google.common.base.Supplier                                                 : loaded 2 times (x 70B)
Class org.gradle.internal.classloader.VisitableURLClassLoader                         : loaded 2 times (x 117B)
Class org.jetbrains.kotlin.gradle.plugin.KotlinPluginLifecycleImpl                    : loaded 2 times (x 80B)
Class org.jetbrains.kotlin.gradle.plugin.statistics.plugins.ObservablePlugins         : loaded 2 times (x 79B)
Class org.jetbrains.kotlin.gradle.plugin.sources.InternalKotlinSourceSetKt$awaitPlatformCompilations$1: loaded 2 times (x 88B)
Class [Lorg.jetbrains.kotlin.gradle.plugin.sources.KotlinDependencyScope;             : loaded 2 times (x 69B)
Class org.jetbrains.kotlin.gradle.tasks.configuration.BaseKotlinCompileConfig$configureCommonParameters$1: loaded 2 times (x 74B)
Class org.jetbrains.kotlin.gradle.plugin.mpp.compilationImpl.factory.ConfigurationNaming: loaded 2 times (x 70B)
Class org.jetbrains.kotlin.gradle.plugin.mpp.compilationImpl.DefaultKotlinCompilationPostConfigureKt: loaded 2 times (x 71B)
Class org.jetbrains.kotlin.konan.target.KonanTarget$WATCHOS_X64                       : loaded 2 times (x 78B)
Class org.jetbrains.kotlin.gradle.plugin.diagnostics.KotlinGradleProjectCheckersRunnerKt: loaded 2 times (x 71B)
Class org.jetbrains.kotlin.gradle.internal.IdeaKt$isInIdeaEnvironment$1               : loaded 2 times (x 74B)
Class [Lorg.jetbrains.kotlin.tooling.core.HasExtras;                                  : loaded 2 times (x 69B)
Class org.jetbrains.kotlin.gradle.plugin.diagnostics.checkers.IncorrectCompileOnlyDependenciesChecker: loaded 2 times (x 74B)
Class org.jetbrains.kotlin.gradle.plugin.diagnostics.checkers.WasmWasiEnvironmentChecker$2: loaded 2 times (x 78B)
Class org.jetbrains.kotlin.gradle.plugin.abi.AbiValidationActionKt                    : loaded 2 times (x 71B)
Class org.jetbrains.kotlin.gradle.dsl.DefaultToolchainSupport$wireToolchainToTasks$1$1: loaded 2 times (x 75B)
Class org.jetbrains.kotlin.gradle.utils.SingleActionPerProject                        : loaded 2 times (x 73B)
Class org.jetbrains.kotlin.gradle.plugin.DefaultKotlinBasePlugin                      : loaded 2 times (x 82B)
Class org.gradle.internal.Cast                                                        : loaded 2 times (x 71B)
Class org.gradle.api.Action                                                           : loaded 2 times (x 70B)
Class [Lorg.jetbrains.kotlin.gradle.plugin.mpp.KotlinUsageContext$MavenScope;         : loaded 2 times (x 69B)
Class org.jetbrains.kotlin.gradle.tasks.configuration.BaseKotlinCompileConfig$configureCommonParameters$2: loaded 2 times (x 75B)
Class org.jetbrains.kotlin.gradle.plugin.mpp.compilationImpl.KotlinCompilationCompilerOptionsFromTargetConfigurator: loaded 2 times (x 74B)
Class [Lorg.jetbrains.kotlin.gradle.plugin.mpp.compilationImpl.DefaultKotlinCompilationFriendPathsResolver$FriendArtifactResolver;: loaded 2 times (x 69B)
Class com.google.common.base.Strings                                                  : loaded 2 times (x 71B)
Class org.jetbrains.kotlin.gradle.internal.IdeaKt$isInIdeaEnvironment$2               : loaded 2 times (x 74B)
Class org.jetbrains.kotlin.gradle.utils.FailuresKt$ideaSyncClasspathModeUtil$1        : loaded 2 times (x 72B)
Class org.jetbrains.kotlin.gradle.plugin.diagnostics.KotlinToolingDiagnosticsCollector$Inject: loaded 2 times (x 96B)
Class org.jetbrains.kotlin.gradle.artifacts.KotlinJsKlibArtifactKt                    : loaded 2 times (x 71B)
Class org.jetbrains.kotlin.gradle.dsl.KotlinTargetContainerWithWasmPresetFunctions    : loaded 2 times (x 70B)
Class org.jetbrains.kotlin.gradle.plugin.GradleUtilsKt                                : loaded 2 times (x 71B)
Class org.jetbrains.kotlin.gradle.internal.properties.PropertiesBuildService          : loaded 2 times (x 76B)
Class org.jetbrains.kotlin.gradle.plugin.BuildFinishedListenerService$Companion$registerIfAbsent$1$1$1: loaded 2 times (x 75B)
Class com.google.common.collect.Sets                                                  : loaded 2 times (x 71B)
Class org.objectweb.asm.Handler                                                       : loaded 2 times (x 72B)
Class com.google.common.base.CharMatcher$FastMatcher                                  : loaded 2 times (x 111B)
Class com.google.common.base.Ticker                                                   : loaded 2 times (x 72B)
Class org.jetbrains.kotlin.gradle.plugin.KotlinTarget$DefaultImpls                    : loaded 2 times (x 71B)
Class org.jetbrains.kotlin.gradle.tasks.abi.KotlinLegacyAbiDumpTaskImpl               : loaded 2 times (x 345B)
Class org.jetbrains.kotlin.gradle.plugin.diagnostics.KotlinToolingDiagnosticsCollector: loaded 2 times (x 76B)
Class org.jetbrains.kotlin.gradle.plugin.mpp.compilationImpl.KotlinCreateCompilationArchiveTaskKt: loaded 2 times (x 71B)
Class org.jetbrains.kotlin.tooling.core.MutableExtrasImpl                             : loaded 2 times (x 165B)
Class org.jetbrains.kotlin.gradle.plugin.statistics.KotlinBuildStatsMXBean            : loaded 2 times (x 70B)
Class org.jetbrains.kotlin.gradle.utils.FileUtilsKt                                   : loaded 2 times (x 71B)
Class [Lcom.google.common.cache.LocalCache$Segment;                                   : loaded 2 times (x 69B)
Class com.google.common.base.Predicate                                                : loaded 2 times (x 70B)
Class [Lcom.google.common.cache.LocalCache$Strength;                                  : loaded 2 times (x 69B)
Class com.google.common.cache.CacheBuilder$1                                          : loaded 2 times (x 85B)
Class com.google.common.collect.ImmutableMap                                          : loaded 2 times (x 120B)
Class org.gradle.internal.classpath.DefaultClassPath$ImmutableUniqueList$Builder      : loaded 2 times (x 75B)
Class org.jetbrains.kotlin.gradle.plugin.mpp.KotlinCompilationFactory$DefaultImpls    : loaded 2 times (x 71B)
Class com.google.common.collect.AbstractRangeSet                                      : loaded 2 times (x 114B)
Class org.jetbrains.kotlin.gradle.tasks.abi.AbiToolsTask$Companion                    : loaded 2 times (x 71B)
Class org.jetbrains.kotlin.gradle.plugin.diagnostics.checkers.InternalGradlePropertiesUsageChecker: loaded 2 times (x 74B)
Class org.jetbrains.kotlin.gradle.plugin.mpp.compilationImpl.CreateCInteropTasksSideEffectKt: loaded 2 times (x 71B)
Class org.jetbrains.kotlin.gradle.testing.internal.KotlinTestsRegistry$Companion      : loaded 2 times (x 71B)
Class org.jetbrains.kotlin.gradle.dsl.KotlinCommonCompilerToolOptions                 : loaded 2 times (x 70B)
Class org.jetbrains.kotlin.gradle.internal.properties.PropertiesBuildService$Companion$registerIfAbsent$1: loaded 2 times (x 75B)
Class org.jetbrains.kotlin.gradle.plugin.internal.DefaultConfigurationCacheStartParameterAccessorVariantFactory: loaded 2 times (x 76B)
Class com.google.common.base.CharMatcher$NegatedFastMatcher                           : loaded 2 times (x 113B)
Class com.google.common.cache.LocalCache                                              : loaded 2 times (x 187B)
Class com.google.common.cache.CacheBuilder$2                                          : loaded 2 times (x 79B)
Class Build_gradle$inlined$sam$i$org_gradle_api_Action$0                              : loaded 2 times (x 75B)
Class org.jetbrains.kotlin.gradle.plugin.mpp.compilationImpl.DefaultKotlinCompilationSourceSetsContainer$source$1: loaded 2 times (x 79B)
Class org.jetbrains.kotlin.gradle.internal.abi.ConfigsKt                              : loaded 2 times (x 71B)
Class org.jetbrains.kotlin.gradle.internal.KotlinTestDependencyManagementKt           : loaded 2 times (x 71B)
Class org.jetbrains.kotlin.konan.target.KonanTarget$ANDROID_X64                       : loaded 2 times (x 78B)
Class [Lorg.jetbrains.kotlin.gradle.plugin.sources.ConsistencyCheck;                  : loaded 2 times (x 69B)
Class org.jetbrains.kotlin.gradle.plugin.statistics.FlowActionBuildFusService$Companion: loaded 2 times (x 71B)
Class org.jetbrains.kotlin.gradle.report.ReportingSettings                            : loaded 2 times (x 72B)
Class org.jetbrains.kotlin.statistics.metrics.StringAnonymizationPolicy$ComponentVersionAnonymizer: loaded 2 times (x 78B)
Class com.google.common.collect.ArrayListMultimap                                     : loaded 2 times (x 172B)
Class com.google.common.cache.CacheBuilder$3                                          : loaded 2 times (x 72B)
Class [Lcom.google.common.collect.AbstractMapEntry;                                   : loaded 2 times (x 69B)
Class com.google.common.collect.ImmutableEntry                                        : loaded 2 times (x 82B)
Class org.jetbrains.kotlin.gradle.plugin.KotlinBasePluginWrapper                      : loaded 2 times (x 86B)
Class org.gradle.api.GradleException                                                  : loaded 2 times (x 82B)
Class org.jetbrains.kotlin.gradle.plugin.diagnostics.KotlinToolingDiagnostics$JsEnvironmentNotChosenExplicitly: loaded 2 times (x 73B)
Class org.jetbrains.kotlin.gradle.plugin.ProjectLocalConfigurations$ProjectLocalCompatibility: loaded 2 times (x 76B)
Class org.jetbrains.kotlin.gradle.dsl.JvmDefaultMode                                  : loaded 2 times (x 79B)
Class org.jetbrains.kotlin.gradle.dsl.KotlinJvmCompilerOptions                        : loaded 2 times (x 70B)
Class org.jetbrains.kotlin.gradle.plugin.internal.DefaultMavenPublicationComponentAccessor: loaded 2 times (x 75B)
Class org.jetbrains.kotlin.gradle.plugin.internal.DefaultProjectIsolationStartParameterAccessor$Factory: loaded 2 times (x 76B)
Class com.google.common.collect.CollectPreconditions                                  : loaded 2 times (x 71B)
Class org.jetbrains.kotlin.gradle.plugin.KotlinPluginLifecycleImpl$launch$1           : loaded 2 times (x 79B)
Class org.jetbrains.kotlin.konan.target.HostManager$Companion$targetAliases$2         : loaded 2 times (x 78B)
Class org.jetbrains.kotlin.gradle.plugin.diagnostics.checkers.GradleDeprecatedPropertyChecker$DeprecatedProperty: loaded 2 times (x 72B)
Class org.jetbrains.kotlin.gradle.utils.Completable                                   : loaded 2 times (x 72B)
Class org.jetbrains.kotlin.gradle.plugin.DefaultKotlinBasePlugin$addKotlinCompilerConfiguration$2$1: loaded 2 times (x 75B)
Class org.jetbrains.kotlin.gradle.plugin.statistics.KotlinBuildStatsServicesRegistry$Companion: loaded 2 times (x 71B)
Class org.jetbrains.kotlin.gradle.plugin.internal.DefaultCompatibilityConventionRegistrar$Factory: loaded 2 times (x 76B)
Class com.google.common.collect.SortedMapDifference                                   : loaded 2 times (x 70B)
Class org.jetbrains.kotlin.gradle.plugin.diagnostics.checkers.IncorrectCompileOnlyDependenciesChecker$runChecks$1: loaded 2 times (x 88B)
Class org.jetbrains.kotlin.gradle.plugin.mpp.KotlinOnlyTarget                         : loaded 2 times (x 153B)
Class org.jetbrains.kotlin.gradle.targets.js.npm.BaseNpmDependencyExtension           : loaded 2 times (x 70B)
Class org.jetbrains.kotlin.gradle.dsl.KotlinVersion$Companion                         : loaded 2 times (x 71B)
Class org.jetbrains.kotlin.gradle.InternalKotlinGradlePluginApi                       : loaded 2 times (x 70B)
Class org.jetbrains.kotlin.gradle.plugin.diagnostics.DiagnosticGroup$Base             : loaded 2 times (x 81B)
Class org.jetbrains.kotlin.gradle.targets.ConfigureNonPackedKlibConsumingSideEffectKt$ConfigureNonPackedKlibConsumingSideEffect$1: loaded 2 times (x 74B)
Class org.jetbrains.kotlin.gradle.dsl.DefaultToolchainSupport                         : loaded 2 times (x 76B)
Class org.jetbrains.kotlin.gradle.plugin.internal.CustomPropertiesFileValueSource     : loaded 2 times (x 82B)
Class com.google.common.cache.LocalCache$EntryFactory                                 : loaded 2 times (x 83B)
Class org.jetbrains.kotlin.gradle.plugin.cocoapods.KotlinCocoapodsPlugin              : loaded 2 times (x 76B)
Class org.jetbrains.kotlin.gradle.internal.CompilerOptionsDslHelpersKt                : loaded 2 times (x 71B)
Class org.jetbrains.kotlin.gradle.tasks.configuration.AbstractKotlinCompileConfigKt   : loaded 2 times (x 71B)
Class org.jetbrains.kotlin.gradle.internal.StdlibDependencyManagementKt$configureStdlibVersionAlignment$1$1: loaded 2 times (x 75B)
Class org.jetbrains.kotlin.gradle.dsl.KotlinProjectExtension$awaitSourceSets$1        : loaded 2 times (x 88B)
Class org.jetbrains.kotlin.gradle.plugin.KotlinPluginLifecycle$CoroutineStart         : loaded 2 times (x 79B)
Class org.jetbrains.kotlin.konan.target.Family                                        : loaded 2 times (x 79B)
Class org.jetbrains.kotlin.gradle.tasks.TasksProviderKt$sam$org_gradle_api_Action$0   : loaded 2 times (x 75B)
Class org.jetbrains.kotlin.gradle.tooling.BuildKotlinToolingMetadataTask$FromKotlinExtension: loaded 2 times (x 314B)
Class org.jetbrains.kotlin.gradle.utils.FailuresKt                                    : loaded 2 times (x 71B)
Class org.jetbrains.kotlin.gradle.plugin.diagnostics.DiagnosticGroup                  : loaded 2 times (x 70B)
Class org.jetbrains.kotlin.gradle.targets.native.internal.CInteropConfigurationsKt$special$$inlined$KotlinTargetSideEffect$1: loaded 2 times (x 74B)
Class org.jetbrains.kotlin.gradle.internal.properties.NativePropertiesLoader$konanDataDirProperty$1: loaded 2 times (x 75B)
Class org.jetbrains.kotlin.gradle.plugin.KotlinGradleBuildServices$Companion$registerIfAbsent$2$1: loaded 2 times (x 79B)
Class org.jetbrains.kotlin.gradle.plugin.statistics.BuildFusService$Parameters_Decorated: loaded 2 times (x 139B)
Class org.jetbrains.kotlin.gradle.plugin.PropertiesProvider$keepIncrementalCompilationCachesInMemory$1: loaded 2 times (x 79B)
Class org.jetbrains.kotlin.gradle.internal.properties.PropertiesBuildService$Params$Inject: loaded 2 times (x 106B)
Class org.jetbrains.kotlin.tooling.core.HasMutableExtras                              : loaded 2 times (x 70B)
Class com.google.common.cache.LocalCache$AbstractReferenceEntry                       : loaded 2 times (x 107B)
Class org.gradle.internal.IoActions                                                   : loaded 2 times (x 71B)
Class org.jetbrains.kotlin.gradle.internal.Kapt3KotlinGradleSubpluginKt               : loaded 2 times (x 71B)
Class org.jetbrains.kotlin.gradle.dsl.KotlinJvmCompile                                : loaded 2 times (x 70B)
Class com.google.common.collect.ImmutableRangeSet$ComplementRanges                    : loaded 2 times (x 207B)
Class org.jetbrains.kotlin.konan.target.KonanTarget$LINUX_ARM32_HFP                   : loaded 2 times (x 78B)
Class org.jetbrains.kotlin.gradle.internal.Kapt3GradleSubplugin                       : loaded 2 times (x 83B)
Class org.jetbrains.kotlin.gradle.plugin.diagnostics.checkers.CInteropInputChecker    : loaded 2 times (x 74B)
Class org.jetbrains.kotlin.gradle.targets.native.internal.CInteropConfigurationsKt$special$$inlined$KotlinTargetSideEffect$2: loaded 2 times (x 74B)
Class org.jetbrains.kotlin.gradle.plugin.statistics.FinalizeConfigurationFusMetricActionKt$FinalizeConfigurationFusMetricAction$1: loaded 2 times (x 95B)
Class org.jetbrains.kotlin.gradle.internal.KotlinDependenciesManagementKt$CustomizeKotlinDependenciesSetupAction$1: loaded 2 times (x 74B)
Class org.jetbrains.kotlin.gradle.plugin.KotlinGradlePluginExtensionPointInternal$registeredExtensions$2: loaded 2 times (x 78B)
Class org.jetbrains.kotlin.statistics.metrics.BooleanOverridePolicy$OR                : loaded 2 times (x 85B)
Class org.jetbrains.kotlin.gradle.plugin.UsesVariantImplementationFactories           : loaded 2 times (x 70B)
Class org.objectweb.asm.SymbolTable                                                   : loaded 2 times (x 72B)
Class com.google.common.cache.CacheLoader$InvalidCacheLoadException                   : loaded 2 times (x 82B)
Class com.google.common.collect.ImmutableSet$RegularSetBuilderImpl                    : loaded 2 times (x 77B)
Class org.gradle.internal.classloader.SystemClassLoaderSpec                           : loaded 2 times (x 71B)
Class org.jetbrains.kotlin.gradle.plugin.diagnostics.DefaultProblemsReporter_Decorated: loaded 2 times (x 119B)
Class org.jetbrains.kotlin.gradle.tasks.configuration.BaseKotlinCompileConfig$1$1     : loaded 2 times (x 75B)
Class org.jetbrains.kotlin.gradle.plugin.mpp.compilationImpl.factory.KotlinCompilationImplFactory$PostConfigure: loaded 2 times (x 70B)
Class org.jetbrains.kotlin.gradle.tasks.abi.KotlinLegacyAbiDumpTask                   : loaded 2 times (x 70B)
Class org.jetbrains.kotlin.gradle.utils.KotlinExtensionUtilsKt                        : loaded 2 times (x 71B)
Class [Lorg.jetbrains.kotlin.konan.util.Named;                                        : loaded 2 times (x 69B)
Class org.jetbrains.kotlin.gradle.plugin.diagnostics.checkers.NoKotlinTargetsDeclaredChecker$runChecks$1: loaded 2 times (x 88B)
Class org.jetbrains.kotlin.gradle.plugin.mpp.AbstractKotlinTarget$kotlinComponents$2  : loaded 2 times (x 79B)
Class org.jetbrains.kotlin.gradle.plugin.KotlinPlatformType$CompatibilityRule         : loaded 2 times (x 76B)
Class org.jetbrains.kotlin.gradle.internal.properties.NativePropertiesLoader$actualNativeHomeDirectory$1: loaded 2 times (x 75B)
Class org.jetbrains.kotlin.gradle.internal.properties.NativePropertiesKt              : loaded 2 times (x 71B)
Class org.jetbrains.kotlin.gradle.plugin.BuildEventsListenerRegistryHolder            : loaded 2 times (x 72B)
Class [Lorg.jetbrains.kotlin.statistics.metrics.BooleanOverridePolicy;                : loaded 2 times (x 69B)
Class org.jetbrains.kotlin.gradle.plugin.internal.CustomPropertiesFileValueSource$Parameters$Inject: loaded 2 times (x 106B)
Class com.google.common.cache.LocalCache$StrongEntry                                  : loaded 2 times (x 108B)
Class com.google.common.util.concurrent.AbstractFuture$TrustedFuture                  : loaded 2 times (x 114B)
Class com.google.common.cache.LoadingCache                                            : loaded 2 times (x 70B)
Class org.gradle.kotlin.dsl.ImplementationConfigurationAccessorsKt                    : loaded 2 times (x 71B)
Class org.jetbrains.kotlin.gradle.plugin.mpp.KotlinTargetSoftwareComponentImplKt$KotlinTargetSoftwareComponent$1: loaded 2 times (x 95B)
Class org.jetbrains.kotlin.gradle.tasks.configuration.BaseKotlinCompileConfig$registerBuildToolsApiTransformations$1: loaded 2 times (x 75B)
Class org.jetbrains.kotlin.gradle.tasks.configuration.AbstractKotlinCompileConfigKt$sam$org_gradle_api_Action$0: loaded 2 times (x 75B)
Class org.jetbrains.kotlin.gradle.plugin.internal.BuildIdService                      : loaded 2 times (x 76B)
Class org.jetbrains.kotlin.gradle.plugin.mpp.compilationImpl.factory.KotlinCompilationDependencyConfigurationsFactoriesKt: loaded 2 times (x 71B)
Class org.jetbrains.kotlin.gradle.plugin.mpp.compilationImpl.DefaultKotlinCompilationFriendPathsResolver: loaded 2 times (x 75B)
Class org.jetbrains.kotlin.gradle.plugin.diagnostics.checkers.WasmSourceSetsNotFoundChecker$runChecks$1: loaded 2 times (x 88B)
Class org.jetbrains.kotlin.konan.target.KonanTarget$IOS_SIMULATOR_ARM64               : loaded 2 times (x 78B)
Class org.jetbrains.kotlin.gradle.targets.jvm.KotlinJvmCompilationWireJavaSourcesSideEffectKt: loaded 2 times (x 71B)
Class org.jetbrains.kotlin.gradle.plugin.mpp.compilationImpl.KotlinCreateCompilationArchiveTaskKt$KotlinCreateCompilationArchivesTask$1: loaded 2 times (x 74B)
Class org.jetbrains.kotlin.gradle.dsl.KotlinVersion                                   : loaded 2 times (x 79B)
Class org.jetbrains.kotlin.gradle.internal.properties.NativePropertiesLoader$actualNativeHomeDirectory$2: loaded 2 times (x 74B)
Class org.jetbrains.kotlin.gradle.utils.StoredPropertyKt                              : loaded 2 times (x 71B)
Class org.objectweb.asm.MethodWriter                                                  : loaded 2 times (x 106B)
Class [Lcom.google.common.cache.Weigher;                                              : loaded 2 times (x 69B)
Class com.google.common.collect.RegularImmutableMap$BucketOverflowException           : loaded 2 times (x 82B)
Class org.jetbrains.kotlin.gradle.plugin.sources.KotlinDependencyScope$Companion      : loaded 2 times (x 71B)
Class org.jetbrains.kotlin.gradle.tasks.configuration.BaseKotlinCompileConfig$registerBuildToolsApiTransformations$2: loaded 2 times (x 75B)
Class org.jetbrains.kotlin.gradle.tasks.KotlinJvmCompile                              : loaded 2 times (x 70B)
Class org.jetbrains.kotlin.gradle.plugin.mpp.compilationImpl.KotlinCompilationSourceSetsContainerKt: loaded 2 times (x 71B)
Class org.jetbrains.kotlin.gradle.plugin.KotlinPluginLifecycleKt$launchInStage$1      : loaded 2 times (x 95B)
Class org.jetbrains.kotlin.gradle.targets.NativeForwardImplementationToApiElementsSideEffectKt: loaded 2 times (x 71B)
Class org.jetbrains.kotlin.gradle.internal.properties.NativePropertiesLoader$actualNativeHomeDirectory$3: loaded 2 times (x 75B)
Class org.jetbrains.kotlin.gradle.report.BuildReportMode                              : loaded 2 times (x 79B)
Class org.jetbrains.kotlin.statistics.metrics.StringAnonymizationPolicy$RegexControlled: loaded 2 times (x 79B)
Class org.jetbrains.kotlin.statistics.ValueAnonymizer                                 : loaded 2 times (x 70B)
Class org.jetbrains.kotlin.gradle.plugin.VariantImplementationFactories$Companion$getProvider$2$1$1: loaded 2 times (x 75B)
Class org.jetbrains.kotlin.gradle.plugin.internal.ProjectIsolationStartParameterAccessor$Factory: loaded 2 times (x 70B)
Class org.jetbrains.kotlin.gradle.internal.transforms.BuildToolsApiClasspathEntrySnapshotTransform$Inject1: loaded 2 times (x 113B)
Class org.jetbrains.kotlin.gradle.plugin.mpp.compilationImpl.KotlinCompilationRegisterInSourceSetsConfigurator: loaded 2 times (x 74B)
Class org.jetbrains.kotlin.gradle.plugin.mpp.compilationImpl.factory.DefaultKotlinCompilationTaskNamesContainerFactory: loaded 2 times (x 74B)
Class org.jetbrains.kotlin.gradle.plugin.mpp.compilationImpl.DefaultKotlinCompilationFriendPathsResolver$FriendArtifactResolver$Companion: loaded 2 times (x 71B)
Class com.google.common.collect.RegularImmutableBiMap                                 : loaded 2 times (x 149B)
Class org.jetbrains.kotlin.gradle.targets.native.internal.CommonizerTasksKt           : loaded 2 times (x 71B)
Class [Lorg.jetbrains.kotlin.gradle.targets.js.npm.NpmDependency$Scope;               : loaded 2 times (x 69B)
Class org.jetbrains.kotlin.gradle.plugin.KotlinCompilerPluginSupportPlugin            : loaded 2 times (x 70B)
Class org.jetbrains.kotlin.gradle.plugin.mpp.AbstractKotlinTarget$components$2        : loaded 2 times (x 79B)
Class org.jetbrains.kotlin.gradle.targets.CreateNonPackedKlibVariantsSideEffectKt$CreateNonPackedKlibVariantsSideEffect$1: loaded 2 times (x 74B)
Class org.jetbrains.kotlin.gradle.plugin.mpp.KotlinUsages$setupAttributesMatchingStrategy$1: loaded 2 times (x 74B)
Class org.jetbrains.kotlin.gradle.plugin.KotlinGradleBuildServices$Companion$registerIfAbsent$2$1$1: loaded 2 times (x 75B)
Class org.jetbrains.kotlin.gradle.plugin.PropertiesProvider$preciseCompilationResultsBackup$1: loaded 2 times (x 79B)
Class org.jetbrains.kotlin.gradle.internal.diagnostics.AgpCompatibilityCheck$runAgpCompatibilityCheckIfAgpIsApplied$1$1: loaded 2 times (x 75B)
Class org.jetbrains.kotlin.gradle.utils.AndroidPluginIdsKt                            : loaded 2 times (x 71B)
Class com.google.common.base.CharMatcher$Negated                                      : loaded 2 times (x 113B)
Class com.google.common.base.CharMatcher$Is                                           : loaded 2 times (x 111B)
Class com.google.common.cache.LocalCache$ValueReference                               : loaded 2 times (x 70B)
Class org.jetbrains.kotlin.gradle.plugin.KotlinBasePlugin                             : loaded 2 times (x 70B)
Class com.google.common.base.PatternCompiler                                          : loaded 2 times (x 70B)
Class org.jetbrains.kotlin.gradle.tasks.abi.KotlinLegacyAbiDumpTaskImpl$Companion     : loaded 2 times (x 71B)
Class org.jetbrains.kotlin.gradle.dsl.abi.AbiFiltersSpec                              : loaded 2 times (x 70B)
Class org.jetbrains.kotlin.gradle.utils.FutureKt                                      : loaded 2 times (x 71B)
Class org.jetbrains.kotlin.gradle.targets.native.internal.PlatformLibrariesGenerator$GeneratedPlatformLibrariesService: loaded 2 times (x 76B)
Class org.jetbrains.kotlin.gradle.logging.GradleLoggingUtilsKt                        : loaded 2 times (x 71B)
Class com.google.common.util.concurrent.AbstractFuture$Failure                        : loaded 2 times (x 72B)
Class com.google.common.base.Equivalence$Equals                                       : loaded 2 times (x 82B)
Class com.google.common.collect.Hashing                                               : loaded 2 times (x 71B)
Class com.google.common.base.Preconditions                                            : loaded 2 times (x 71B)
Class org.jetbrains.kotlin.gradle.plugin.KotlinAndroidPluginWrapper                   : loaded 2 times (x 86B)
Class com.google.common.base.Joiner$1                                                 : loaded 2 times (x 80B)
Class [Lorg.jetbrains.kotlin.gradle.dsl.PlatformSourceSetConventionsChecker$CheckedPlatformInfo;: loaded 2 times (x 69B)
Class org.jetbrains.kotlin.gradle.plugin.diagnostics.KotlinGradleProjectCheckerContext: loaded 2 times (x 72B)
Class org.jetbrains.kotlin.gradle.plugin.diagnostics.checkers.DuplicateSourceSetChecker: loaded 2 times (x 74B)
Class org.jetbrains.kotlin.gradle.plugin.diagnostics.ToolingDiagnosticFactory         : loaded 2 times (x 73B)
Class org.jetbrains.kotlin.gradle.targets.KotlinTargetSideEffect                      : loaded 2 times (x 70B)
Class org.jetbrains.kotlin.gradle.plugin.DefaultKotlinBasePlugin$setupAttributeMatchingStrategy$1$1: loaded 2 times (x 79B)
Class org.jetbrains.kotlin.statistics.metrics.NumericalMetrics$Companion              : loaded 2 times (x 71B)
Class [Lorg.jetbrains.kotlin.statistics.metrics.NumberAnonymizationPolicy;            : loaded 2 times (x 69B)
Class org.jetbrains.kotlin.statistics.metrics.NumberOverridePolicy$OVERRIDE           : loaded 2 times (x 85B)
Class org.jetbrains.kotlin.gradle.internal.properties.PropertiesBuildService$property$1: loaded 2 times (x 79B)
Class org.objectweb.asm.Label                                                         : loaded 2 times (x 73B)
Class org.objectweb.asm.CurrentFrame                                                  : loaded 2 times (x 73B)
Class org.objectweb.asm.ClassTooLargeException                                        : loaded 2 times (x 83B)
Class com.google.common.base.CharMatcher                                              : loaded 2 times (x 111B)
Class com.google.common.collect.PeekingIterator                                       : loaded 2 times (x 70B)
Class org.jetbrains.kotlin.gradle.tasks.KotlinCompilationTask                         : loaded 2 times (x 70B)
Class org.jetbrains.kotlin.gradle.plugin.mpp.compilationImpl.factory.KotlinCompilationImplFactory$ProcessResourcesTaskNameFactory: loaded 2 times (x 70B)
Class com.google.common.collect.RangeGwtSerializationDependencies                     : loaded 2 times (x 71B)
Class com.google.common.base.Joiner$2                                                 : loaded 2 times (x 79B)
Class org.jetbrains.kotlin.gradle.internal.properties.PropertiesBuildService$property$2: loaded 2 times (x 79B)
Class org.jetbrains.kotlin.gradle.internal.KotlinDependenciesManagementKt             : loaded 2 times (x 71B)
Class org.jetbrains.kotlin.gradle.plugin.DefaultKotlinBasePlugin$setupAttributeMatchingStrategy$1$2: loaded 2 times (x 79B)
Class org.jetbrains.kotlin.gradle.targets.native.internal.PlatformLibrariesGenerator$Companion: loaded 2 times (x 71B)
Class org.jetbrains.kotlin.gradle.plugin.statistics.KotlinBuildStatsLoggerService     : loaded 2 times (x 72B)
Class org.jetbrains.kotlin.gradle.plugin.internal.CustomPropertiesFileValueSource$Inject: loaded 2 times (x 113B)
Class org.objectweb.asm.Frame                                                         : loaded 2 times (x 73B)
Class org.objectweb.asm.MethodVisitor                                                 : loaded 2 times (x 105B)
Class com.google.common.base.CharMatcher$1                                            : loaded 2 times (x 113B)
Class com.google.common.base.CharMatcher$NamedFastMatcher                             : loaded 2 times (x 112B)
Class com.google.common.cache.LocalCache$EntryFactory$1                               : loaded 2 times (x 83B)
Class [Lcom.google.common.cache.RemovalListener;                                      : loaded 2 times (x 69B)
Class org.jetbrains.kotlin.gradle.plugin.mpp.InternalKotlinTargetKt$special$$inlined$extrasStoredFuture$1: loaded 2 times (x 79B)
Class org.jetbrains.kotlin.tooling.core.ExtrasProperty                                : loaded 2 times (x 70B)
Class org.jetbrains.kotlin.compilerRunner.UsesCompilerSystemPropertiesService         : loaded 2 times (x 70B)
Class org.jetbrains.kotlin.gradle.plugin.mpp.compilationImpl.KotlinCompilationSourceSetInclusion$Companion: loaded 2 times (x 71B)
Class com.google.common.collect.RangeSet                                              : loaded 2 times (x 70B)
Class org.jetbrains.kotlin.konan.target.KonanTarget$WATCHOS_DEVICE_ARM64              : loaded 2 times (x 78B)
Class org.jetbrains.kotlin.gradle.plugin.diagnostics.checkers.MissingNativeStdlibChecker$runChecks$1: loaded 2 times (x 88B)
Class [Lorg.jetbrains.kotlin.gradle.plugin.sources.android.AndroidVariantType;        : loaded 2 times (x 69B)
Class org.jetbrains.kotlin.gradle.plugin.sources.android.AndroidVariantType           : loaded 2 times (x 79B)
Class org.jetbrains.kotlin.gradle.plugin.mpp.KotlinTargetSoftwareComponent            : loaded 2 times (x 89B)
Class org.jetbrains.kotlin.gradle.plugin.mpp.KotlinVariant                            : loaded 2 times (x 101B)
Class org.jetbrains.kotlin.gradle.targets.native.ConfigureFrameworkExportSideEffectKt : loaded 2 times (x 71B)
Class org.jetbrains.kotlin.gradle.utils.WhenPluginEnabledKt                           : loaded 2 times (x 71B)
Class org.jetbrains.kotlin.gradle.plugin.VariantImplementationFactories               : loaded 2 times (x 75B)
Class org.jetbrains.kotlin.gradle.internal.diagnostics.KotlinCompilerEmbeddableCheck  : loaded 2 times (x 71B)
Class com.google.common.cache.LocalCache$EntryFactory$2                               : loaded 2 times (x 83B)
Class org.gradle.api.internal.classpath.GlobalCacheRootsProvider                      : loaded 2 times (x 70B)
Class org.jetbrains.kotlin.tooling.core.Extras$Entry$Companion                        : loaded 2 times (x 71B)
Class com.google.common.collect.CollectCollectors                                     : loaded 2 times (x 71B)
Class org.jetbrains.kotlin.gradle.targets.js.dsl.KotlinWasmWasiTargetDsl              : loaded 2 times (x 70B)
Class org.jetbrains.kotlin.gradle.plugin.diagnostics.checkers.DisabledNativeTargetsChecker: loaded 2 times (x 74B)
Class org.jetbrains.kotlin.gradle.plugin.mpp.compilationImpl.KotlinCreateSourcesJarTaskSideEffectKt$KotlinCreateSourcesJarTaskSideEffect$1: loaded 2 times (x 74B)
Class org.jetbrains.kotlin.gradle.internal.CompilerArgumentAware                      : loaded 2 times (x 70B)
Class org.jetbrains.kotlin.gradle.utils.ReportUtilsKt                                 : loaded 2 times (x 71B)
Class org.jetbrains.kotlin.gradle.utils.StoredLazyProperty                            : loaded 2 times (x 75B)
Class org.objectweb.asm.ModuleWriter                                                  : loaded 2 times (x 82B)
Class com.google.common.cache.LocalCache$EntryFactory$3                               : loaded 2 times (x 83B)
Class com.google.common.base.Ticker$1                                                 : loaded 2 times (x 72B)
Class com.google.common.collect.Maps$BiMapConverter                                   : loaded 2 times (x 90B)
Class com.google.common.collect.ImmutableMapEntrySet$RegularEntrySet                  : loaded 2 times (x 152B)
Class Native_plugin_loader_gradle$NativePluginLoader                                  : loaded 2 times (x 72B)
Class com.google.common.collect.SetMultimap                                           : loaded 2 times (x 70B)
Class org.jetbrains.kotlin.gradle.dsl.AndroidMainSourceSetConventionsChecker$runChecks$1: loaded 2 times (x 88B)
Class org.jetbrains.kotlin.gradle.plugin.diagnostics.IsAttachedToTerminalValueSource  : loaded 2 times (x 80B)
Class org.jetbrains.kotlin.gradle.plugin.sources.FragmentConsistencyChecks            : loaded 2 times (x 72B)
Class org.jetbrains.kotlin.gradle.plugin.mpp.InternalKotlinTargetComponent            : loaded 2 times (x 93B)
Class org.jetbrains.kotlin.gradle.targets.CreateNonPackedKlibVariantsSideEffectKt     : loaded 2 times (x 71B)
Class org.jetbrains.kotlin.gradle.targets.CreateDefaultTestRunSideEffectKt$special$$inlined$KotlinTargetSideEffect$1: loaded 2 times (x 74B)
Class org.jetbrains.kotlin.gradle.utils.ProviderApiUtilsKt                            : loaded 2 times (x 71B)
Class org.jetbrains.kotlin.gradle.targets.native.UsesKonanPropertiesBuildService      : loaded 2 times (x 70B)
Class org.jetbrains.kotlin.gradle.internal.properties.NativePropertiesLoader$forceDisableRunningInProcess$1: loaded 2 times (x 75B)
Class org.jetbrains.kotlin.gradle.utils.PersistentCachesKt                            : loaded 2 times (x 71B)
Class org.jetbrains.kotlin.gradle.internal.tasks.TaskWithLocalState                   : loaded 2 times (x 70B)
Class org.jetbrains.kotlin.gradle.plugin.statistics.KotlinBuildStatisticsUtilsKt      : loaded 2 times (x 71B)
Class org.jetbrains.kotlin.statistics.metrics.BooleanMetrics                          : loaded 2 times (x 80B)
Class org.jetbrains.kotlin.gradle.internal.properties.PropertiesBuildService$Params   : loaded 2 times (x 70B)
Class org.jetbrains.kotlin.gradle.internal.diagnostics.GradleCompatibilityCheck       : loaded 2 times (x 71B)
Class com.google.common.collect.ImmutableSet$Builder                                  : loaded 2 times (x 85B)
Class com.google.common.base.CharMatcher$InRange                                      : loaded 2 times (x 111B)
Class com.google.common.cache.LocalCache$EntryFactory$4                               : loaded 2 times (x 83B)
Class org.jetbrains.kotlin.gradle.plugin.sources.KotlinDependencyScopeKt$WhenMappings : loaded 2 times (x 71B)
Class org.jetbrains.kotlin.gradle.tasks.K2MultiplatformCompilationTask                : loaded 2 times (x 70B)
Class org.jetbrains.kotlin.gradle.plugin.diagnostics.checkers.OverriddenKotlinNativeHomeChecker$StdlibExistenceCheckerValueSource$Inject: loaded 2 times (x 109B)
Class org.jetbrains.kotlin.gradle.utils.ConfigurationsKt$maybeCreateDependencyScope$1 : loaded 2 times (x 78B)
Class org.jetbrains.kotlin.gradle.plugin.sources.FragmentConsistencyChecks$languageVersionCheck$1: loaded 2 times (x 79B)
Class org.jetbrains.kotlin.gradle.plugin.mpp.DecoratedKotlinCompilation               : loaded 2 times (x 191B)
Class org.jetbrains.kotlin.gradle.plugin.diagnostics.checkers.ExperimentalTryNextUsageChecker: loaded 2 times (x 74B)
Class [Lorg.jetbrains.kotlin.gradle.plugin.diagnostics.ToolingDiagnostic$Severity;    : loaded 2 times (x 69B)
Class [Lorg.jetbrains.kotlin.gradle.plugin.KotlinPlatformType;                        : loaded 2 times (x 69B)
Class org.jetbrains.kotlin.gradle.plugin.statistics.UsesBuildFusService               : loaded 2 times (x 70B)
Class org.jetbrains.kotlin.gradle.plugin.statistics.old.Pre232IdeaKotlinBuildStatsBeanService: loaded 2 times (x 95B)
Class org.jetbrains.kotlin.statistics.metrics.NumberOverridePolicy$AVERAGE            : loaded 2 times (x 85B)
Class org.jetbrains.kotlin.gradle.plugin.VariantImplementationFactories$Parameters$Inject: loaded 2 times (x 106B)
Class org.jetbrains.kotlin.gradle.plugin.BuildFinishedListenerService$Companion$registerIfAbsent$1$1: loaded 2 times (x 79B)
Class org.jetbrains.kotlin.gradle.internal.diagnostics.GradleCompatibilityCheck$CurrentGradleVersionProvider: loaded 2 times (x 70B)
Class com.google.common.cache.LocalCache$EntryFactory$5                               : loaded 2 times (x 83B)
Class org.jetbrains.kotlin.compilerRunner.CompilerSystemPropertiesService$Companion   : loaded 2 times (x 71B)
Class org.jetbrains.kotlin.gradle.plugin.mpp.MppSourcesJarKt$sourcesJarTaskNamed$result$1: loaded 2 times (x 79B)
Class org.jetbrains.kotlin.gradle.tasks.configuration.BaseKotlinCompileConfig$1       : loaded 2 times (x 79B)
Class org.jetbrains.kotlin.gradle.plugin.mpp.compilationImpl.factory.ConfigurationNaming$Default: loaded 2 times (x 75B)
Class org.jetbrains.kotlin.gradle.plugin.mpp.compilationImpl.KotlinCompilationSourceSetInclusion: loaded 2 times (x 72B)
Class org.jetbrains.kotlin.gradle.plugin.KotlinBaseApiPlugin                          : loaded 2 times (x 118B)
Class org.jetbrains.kotlin.gradle.targets.jvm.KotlinJvmTarget                         : loaded 2 times (x 166B)
Class org.jetbrains.kotlin.gradle.targets.js.dsl.KotlinWasmJsTargetDsl                : loaded 2 times (x 70B)
Class org.jetbrains.kotlin.gradle.plugin.diagnostics.checkers.DisabledNativeTargetsChecker$runChecks$1: loaded 2 times (x 88B)
Class org.jetbrains.kotlin.gradle.plugin.KotlinPluginLifecycleImpl$await$2$1          : loaded 2 times (x 79B)
Class org.jetbrains.kotlin.gradle.plugin.diagnostics.ToolingDiagnosticRenderingOptionsKt$WhenMappings: loaded 2 times (x 71B)
Class org.jetbrains.kotlin.gradle.plugin.sources.DefaultLanguageSettingsBuilder       : loaded 2 times (x 100B)
Class org.jetbrains.kotlin.gradle.plugin.sources.FragmentConsistencyChecks$languageVersionCheck$2: loaded 2 times (x 78B)
Class org.jetbrains.kotlin.gradle.targets.CreateTargetConfigurationsSideEffectKt$CreateTargetConfigurationsSideEffect$1: loaded 2 times (x 74B)
Class org.jetbrains.kotlin.gradle.dsl.KotlinPublishingDsl                             : loaded 2 times (x 70B)
Class org.jetbrains.kotlin.gradle.dsl.KotlinTargetContainerWithPresetFunctions        : loaded 2 times (x 70B)
Class org.jetbrains.kotlin.gradle.utils.GradleConfigurationUtilsKt                    : loaded 2 times (x 71B)
Class org.jetbrains.kotlin.gradle.plugin.internal.CustomPropertiesFileValueSource$Parameters: loaded 2 times (x 70B)
Class org.jetbrains.kotlin.gradle.plugin.UsesBuildFinishedListenerService             : loaded 2 times (x 70B)
Class com.google.common.cache.LocalCache$EntryFactory$6                               : loaded 2 times (x 83B)
Class org.gradle.internal.installation.CurrentGradleInstallationLocator               : loaded 2 times (x 71B)
Class org.jetbrains.kotlin.gradle.plugin.diagnostics.UsesKotlinToolingDiagnosticsKt   : loaded 2 times (x 71B)
Class org.jetbrains.kotlin.gradle.tasks.configuration.BaseKotlinCompileConfig$2       : loaded 2 times (x 79B)
Class com.google.common.collect.Maps$KeySet                                           : loaded 2 times (x 137B)
Class org.jetbrains.kotlin.gradle.plugin.KotlinJvmFactory                             : loaded 2 times (x 70B)
Class org.jetbrains.kotlin.konan.target.KonanTarget$IOS_X64                           : loaded 2 times (x 78B)
Class org.jetbrains.kotlin.gradle.internal.IsInIdeaEnvironmentValueSource$Inject      : loaded 2 times (x 100B)
Class org.jetbrains.kotlin.gradle.plugin.mpp.InternalKotlinCompilation                : loaded 2 times (x 70B)
Class org.jetbrains.kotlin.gradle.utils.WhenEvaluatedKt                               : loaded 2 times (x 71B)
Class org.jetbrains.kotlin.gradle.targets.native.internal.AddKotlinPlatformIntegersSupportLibraryKt: loaded 2 times (x 71B)
Class org.jetbrains.kotlin.gradle.plugin.AbstractKotlinJsPluginWrapper                : loaded 2 times (x 86B)
Class org.jetbrains.kotlin.gradle.plugin.internal.MavenPublicationComponentAccessor   : loaded 2 times (x 70B)
Class org.jetbrains.kotlin.gradle.fus.BuildUidService                                 : loaded 2 times (x 80B)
Class org.jetbrains.kotlin.gradle.plugin.KotlinPluginWrapperKt                        : loaded 2 times (x 71B)
Class com.google.common.collect.ImmutableSet$EmptySetBuilderImpl                      : loaded 2 times (x 76B)
Class com.google.common.cache.LocalCache$EntryFactory$7                               : loaded 2 times (x 83B)
Class com.google.common.collect.ImmutableList                                         : loaded 2 times (x 206B)
Class org.gradle.internal.service.DefaultServiceLocator                               : loaded 2 times (x 83B)
Class org.jetbrains.kotlin.compilerRunner.CompilerSystemPropertiesService$Companion$registerIfAbsent$1: loaded 2 times (x 75B)
Class org.jetbrains.kotlin.util.capitalizeDecapitalize.CapitalizeDecapitalizeKt       : loaded 2 times (x 71B)
Class org.jetbrains.kotlin.gradle.plugin.diagnostics.checkers.WasmJsEnvironmentChecker: loaded 2 times (x 76B)
Class org.jetbrains.kotlin.gradle.plugin.diagnostics.checkers.AndroidPluginWithoutAndroidTargetChecker: loaded 2 times (x 74B)
Class org.jetbrains.kotlin.gradle.plugin.statistics.FlowActionBuildFusService$getConfigurationTimeMetrics$1: loaded 2 times (x 75B)
Class org.jetbrains.kotlin.gradle.plugin.statistics.SynchronizedMetricsContainer      : loaded 2 times (x 82B)
Class org.jetbrains.kotlin.statistics.metrics.NumberOverridePolicy                    : loaded 2 times (x 85B)
Class org.jetbrains.kotlin.statistics.metrics.StringAnonymizationPolicy$AllowedListAnonymizer$Companion: loaded 2 times (x 71B)
Class org.jetbrains.kotlin.gradle.plugin.internal.DefaultProjectIsolationStartParameterAccessor_Decorated: loaded 2 times (x 121B)
Class org.jetbrains.kotlin.gradle.plugin.internal.ProjectIsolationStartParameterAccessorKt: loaded 2 times (x 71B)
Class org.jetbrains.kotlin.gradle.testing.internal.KotlinTestsRegistry                : loaded 2 times (x 72B)
Class com.google.common.cache.LocalCache$EntryFactory$8                               : loaded 2 times (x 83B)
Class com.google.common.collect.ImmutableSet$SetBuilderImpl                           : loaded 2 times (x 76B)
Class org.gradle.internal.installation.CurrentGradleInstallation                      : loaded 2 times (x 73B)
Class org.jetbrains.kotlin.gradle.plugin.mpp.InternalKotlinCompilationKt$awaitAllKotlinSourceSets$1: loaded 2 times (x 88B)
Class org.jetbrains.kotlin.gradle.plugin.statistics.FusMetrics                        : loaded 2 times (x 70B)
Class org.jetbrains.kotlin.gradle.plugin.sources.DefaultKotlinSourceSet$special$$inlined$Iterable$1: loaded 2 times (x 79B)
Class org.jetbrains.kotlin.gradle.plugin.mpp.compilationImpl.factory.KotlinCompilationImplFactory$KotlinCompilerOptionsFactory$Options: loaded 2 times (x 72B)
Class org.jetbrains.kotlin.gradle.plugin.diagnostics.ToolingDiagnosticRenderingOptionsKt: loaded 2 times (x 71B)
Class org.jetbrains.kotlin.gradle.plugin.KotlinCompilation                            : loaded 2 times (x 70B)
Class org.jetbrains.kotlin.gradle.plugin.KotlinTargetConfiguratorKt                   : loaded 2 times (x 71B)
Class org.jetbrains.kotlin.gradle.targets.native.internal.PlatformLibrariesGenerator  : loaded 2 times (x 72B)
Class org.jetbrains.kotlin.tooling.core.Extras$Type$Companion                         : loaded 2 times (x 71B)
Class com.google.common.cache.CacheLoader$1                                           : loaded 2 times (x 75B)
Class com.google.common.collect.ImmutableList$SubList                                 : loaded 2 times (x 209B)
Class org.gradle.util.internal.GUtil                                                  : loaded 2 times (x 71B)
Class org.jetbrains.kotlin.gradle.plugin.mpp.InternalKotlinTargetKt$isSourcesPublishableFuture$2: loaded 2 times (x 95B)
Class org.jetbrains.kotlin.gradle.plugin.mpp.KotlinCompilationFactory                 : loaded 2 times (x 70B)
Class org.jetbrains.kotlin.gradle.dsl.IosSourceSetConventionChecker$runChecks$1       : loaded 2 times (x 88B)
Class org.jetbrains.kotlin.gradle.plugin.mpp.AbstractKotlinCompilation                : loaded 2 times (x 191B)
Class org.jetbrains.kotlin.gradle.plugin.diagnostics.checkers.UnusedSourceSetsChecker : loaded 2 times (x 74B)
Class org.jetbrains.kotlin.gradle.utils.Future                                        : loaded 2 times (x 70B)
Class org.jetbrains.kotlin.gradle.plugin.statistics.KotlinBuildStatsConfiguration$Companion: loaded 2 times (x 71B)
Class com.google.common.cache.AbstractCache$StatsCounter                              : loaded 2 times (x 70B)
Class org.jetbrains.kotlin.gradle.plugin.attributes.KlibPackaging                     : loaded 2 times (x 70B)
Class org.jetbrains.kotlin.gradle.plugin.mpp.KotlinTargetSoftwareComponentImplKt      : loaded 2 times (x 71B)
Class org.jetbrains.kotlin.gradle.internal.abi.AbiFiltersSpecImpl                     : loaded 2 times (x 86B)
Class org.jetbrains.kotlin.gradle.targets.js.dsl.KotlinJsSubTargetContainerDsl        : loaded 2 times (x 70B)
Class org.jetbrains.kotlin.tooling.core.MutableExtrasImpl$Companion                   : loaded 2 times (x 71B)
Class org.jetbrains.kotlin.gradle.internal.ClassLoadersCachingBuildService$Parameters : loaded 2 times (x 70B)
Class org.jetbrains.kotlin.gradle.plugin.KotlinGradleBuildServices$Companion$registerIfAbsent$1: loaded 2 times (x 75B)
Class org.jetbrains.kotlin.statistics.fileloggers.MetricsContainer                    : loaded 2 times (x 77B)
Class org.jetbrains.kotlin.gradle.plugin.internal.ProjectIsolationStartParameterAccessor: loaded 2 times (x 70B)
Class org.jetbrains.kotlin.gradle.utils.StoredProperty                                : loaded 2 times (x 70B)
Class com.google.common.collect.Iterators$MergingIterator                             : loaded 2 times (x 81B)
Class com.google.common.collect.RegularImmutableSet                                   : loaded 2 times (x 149B)
Class org.gradle.internal.installation.GradleInstallation                             : loaded 2 times (x 75B)
Class org.jetbrains.kotlin.gradle.plugin.mpp.compilationImpl.factory.KotlinCompilationImplFactory$create$1: loaded 2 times (x 75B)
Class org.jetbrains.kotlin.gradle.tasks.KotlinJavaToolchain                           : loaded 2 times (x 70B)
Class org.jetbrains.kotlin.gradle.plugin.statistics.FlowActionBuildFusService$Inject  : loaded 2 times (x 104B)
Class org.jetbrains.kotlin.statistics.metrics.BooleanMetrics$Companion                : loaded 2 times (x 71B)
Class org.jetbrains.kotlin.gradle.plugin.internal.CompatibilityConventionRegistrar    : loaded 2 times (x 70B)
Class org.jetbrains.kotlin.gradle.plugin.AndroidGradlePluginVersion                   : loaded 2 times (x 75B)
Class com.google.common.collect.Iterables                                             : loaded 2 times (x 71B)
Class org.jetbrains.kotlin.gradle.plugin.mpp.KotlinJvmCompilation                     : loaded 2 times (x 200B)
Class org.jetbrains.kotlin.gradle.plugin.KotlinCompilation$Companion                  : loaded 2 times (x 71B)
Class org.jetbrains.kotlin.konan.target.KonanTarget$WATCHOS_ARM64                     : loaded 2 times (x 78B)
Class org.jetbrains.kotlin.konan.target.KonanTarget$MACOS_ARM64                       : loaded 2 times (x 78B)
Class org.jetbrains.kotlin.gradle.plugin.diagnostics.checkers.OverriddenKotlinNativeHomeChecker: loaded 2 times (x 74B)
Class org.jetbrains.kotlin.gradle.artifacts.KotlinJvmJarArtifactKt$KotlinJvmJarArtifact$1: loaded 2 times (x 74B)
Class org.jetbrains.kotlin.gradle.targets.native.SetupEmbedAndSignAppleFrameworkTaskSideEffectKt: loaded 2 times (x 71B)
Class org.jetbrains.kotlin.gradle.plugin.KotlinProjectSetupActionKt$KotlinProjectSetupCoroutine$1: loaded 2 times (x 75B)
Class org.jetbrains.kotlin.gradle.dsl.ToolchainSupport$Companion                      : loaded 2 times (x 71B)
Class org.jetbrains.kotlin.gradle.plugin.KotlinSourceSet                              : loaded 2 times (x 70B)

---------------  S Y S T E M  ---------------

OS:
 Windows 11 , 64 bit Build 26100 (10.0.26100.9168)
OS uptime: 0 days 18:05 hours
Hyper-V role detected

CPU: total 20 (initial active 20) (10 cores per cpu, 2 threads per core) family 6 model 183 stepping 1 microcode 0x136, cx8, cmov, fxsr, ht, mmx, 3dnowpref, sse, sse2, sse3, ssse3, sse4.1, sse4.2, popcnt, lzcnt, tsc, tscinvbit, avx, avx2, aes, erms, clmul, bmi1, bmi2, adx, sha, fma, vzeroupper, clflush, clflushopt, clwb, hv, serialize, rdtscp, rdpid, fsrm, f16c, cet_ibt, cet_ss
Processor Information for the first 20 processors :
  Max Mhz: 2600, Current Mhz: 2600, Mhz Limit: 2600

Memory: 4k page, system-wide physical 16091M (224M free)
TotalPageFile size 28859M (AvailPageFile size 131M)
current process WorkingSet (physical memory assigned to process): 861M, peak: 861M
current process commit charge ("private bytes"): 916M, peak: 1113M

vm_info: OpenJDK 64-Bit Server VM (21.0.10+-14961533-b1163.108) for windows-amd64 JRE (21.0.10+-14961533-b1163.108), built on 2026-03-02T19:58:50Z by "builder" with MS VC++ 16.10 / 16.11 (VS2019)

END.
